time_s,backlog_pkts,backlog_bytes
0.0000,0,0
0.0080,0,0
0.0131,0,0
0.0179,0,0
0.0232,0,0
0.0283,0,0
0.0345,0,0
0.0394,0,0
0.0445,0,0
0.0493,0,0
0.0542,0,0
0.0587,0,0
0.0629,0,0
0.0681,0,0
0.0735,0,0
0.0782,0,0
0.0832,0,0
0.0895,0,0
0.0948,0,0
0.1033,0,0
0.1080,0,0
0.1129,0,0
0.1175,0,0
0.1234,0,0
0.1293,0,0
0.1367,0,0
0.1443,0,0
0.1524,0,0
0.1580,0,0
0.1668,0,0
0.1757,0,0
0.1896,0,0
0.2045,0,0
0.2097,0,0
0.2138,0,0
0.2190,0,0
0.2236,0,0
0.2286,0,0
0.2335,0,0
0.2400,0,0
0.2452,0,0
0.2504,0,0
0.2552,0,0
0.2600,0,0
0.2649,0,0
0.2695,0,0
0.2741,0,0
0.2793,0,0
0.2842,0,0
0.2888,0,0
0.2933,0,0
0.2977,0,0
0.3025,0,0
0.3067,0,0
0.3118,0,0
0.3160,0,0
0.3203,0,0
0.3252,0,0
0.3304,0,0
0.3354,0,0
0.3401,0,0
0.3455,0,0
0.3503,0,0
0.3552,0,0
0.3599,0,0
0.3652,0,0
0.3716,0,0
0.3765,0,0
0.3811,0,0
0.3867,0,0
0.3911,0,0
0.3954,0,0
0.4000,0,0
0.4056,0,0
0.4096,0,0
0.4137,0,0
0.4178,0,0
0.4219,0,0
0.4259,0,0
0.4299,0,0
0.4339,0,0
0.4379,0,0
0.4418,0,0
0.4458,0,0
0.4497,0,0
0.4536,0,0
0.4579,0,0
0.4618,3,7570
0.4679,2,4542
0.4752,1,1514
0.4800,0,0
0.4843,0,0
0.4903,0,0
0.4959,0,0
0.4999,0,0
0.5039,0,0
0.5081,0,0
0.5120,0,0
0.5160,0,0
0.5204,0,0
0.5244,0,0
0.5315,0,0
0.5366,0,0
0.5415,0,0
0.5460,2,6056
0.5508,3,9084
0.5552,4,12112
0.5598,4,12112
0.5654,5,15140
0.5700,3,9084
0.5768,2,6056
0.5814,1,3028
0.5860,0,0
0.5910,0,0
0.5977,0,0
0.6029,0,0
0.6074,0,0
0.6120,0,0
0.6166,0,0
0.6211,0,0
0.6256,0,0
0.6300,1,3028
0.6346,2,6056
0.6392,3,9084
0.6441,4,12112
0.6487,5,15140
0.6552,6,18168
0.6604,8,24224
0.6650,8,24224
0.6696,9,27252
0.6741,10,30280
0.6789,9,27252
0.6834,8,24224
0.6884,7,21196
0.6930,6,18168
0.6975,5,15140
0.7042,3,9084
0.7088,2,6056
0.7133,2,6056
0.7179,5,15140
0.7221,6,18168
0.7275,7,21196
0.7315,8,24224
0.7355,7,21196
0.7395,10,30280
0.7474,10,30280
0.7553,13,39364
0.7603,14,42392
0.7674,14,42392
0.7722,15,43906
0.7769,16,46934
0.7821,17,49962
0.7883,20,59046
0.7942,21,62074
0.7991,23,66616
0.8036,22,63588
0.8079,23,66616
0.8126,0,0
0.8169,25,72672
0.8210,26,75700
0.8252,27,78728
0.8303,28,80242
0.8351,29,83270
0.8405,30,86298
0.8459,31,90840
0.8510,32,93868
0.8557,34,98410
0.8610,35,101438
0.8676,37,107494
0.8729,38,110522
0.8788,39,113550
0.8837,40,115064
0.8888,41,118092
0.8940,42,121120
0.9004,44,128690
0.9070,45,131718
0.9125,46,133232
0.9176,47,136260
0.9226,48,139288
0.9278,49,142316
0.9329,51,148372
0.9380,52,149886
0.9431,53,152914
0.9480,54,155942
0.9532,55,158970
0.9594,55,160484
0.9648,56,163512
0.9697,57,166540
0.9749,58,169568
0.9799,59,172596
0.9867,60,175624
0.9920,60,175624
0.9989,60,174110
1.0040,60,174110
1.0086,60,174110
1.0152,59,172596
1.0204,59,172596
1.0253,59,172596
1.0305,60,175624
1.0365,61,178652
1.0416,0,0
1.0473,0,0
1.0545,0,0
1.0614,0,0
1.0673,61,178652
1.0726,61,178652
1.0780,61,178652
1.0831,61,178652
1.0880,61,178652
1.0927,61,178652
1.0973,61,178652
1.1021,61,178652
1.1069,61,178652
1.1123,61,178652
1.1170,61,178652
1.1216,61,178652
1.1263,0,0
1.1310,0,0
1.1369,0,0
1.1416,0,0
1.1467,0,0
1.1518,0,0
1.1565,61,180166
1.1613,61,180166
1.1665,61,180166
1.1710,61,180166
1.1752,61,180166
1.1798,61,181680
1.1839,60,178652
1.1880,61,180166
1.1922,61,180166
1.1965,61,180166
1.2006,62,183194
1.2045,62,183194
1.2086,61,180166
1.2136,61,180166
1.2177,61,180166
1.2219,62,183194
1.2264,62,183194
1.2308,62,183194
1.2350,62,183194
1.2392,62,183194
1.2433,62,183194
1.2476,62,183194
1.2519,62,183194
1.2565,62,183194
1.2630,62,183194
1.2676,63,184708
1.2722,63,184708
1.2768,63,184708
1.2822,62,183194
1.2865,62,183194
1.2909,62,183194
1.2964,62,183194
1.3026,62,183194
1.3093,62,183194
1.3168,63,186222
1.3234,63,186222
1.3288,62,184708
1.3337,62,184708
1.3389,63,187736
1.3444,63,187736
1.3496,63,187736
1.3559,62,184708
1.3633,63,186222
1.3690,63,186222
1.3759,63,186222
1.3809,63,186222
1.3866,63,186222
1.3914,63,186222
1.3967,63,186222
1.4020,63,186222
1.4070,63,186222
1.4124,64,189250
1.4171,64,189250
1.4216,64,189250
1.4263,64,189250
1.4319,64,189250
1.4365,64,189250
1.4412,64,189250
1.4460,64,189250
1.4518,64,189250
1.4565,64,189250
1.4611,64,189250
1.4660,64,189250
1.4717,63,186222
1.4781,63,187736
1.4846,63,187736
1.4892,63,187736
1.4945,63,187736
1.4991,63,186222
1.5038,63,186222
1.5106,64,189250
1.5155,64,189250
1.5233,64,189250
1.5312,64,189250
1.5394,64,189250
1.5447,64,189250
1.5497,64,189250
1.5546,64,189250
1.5597,63,187736
1.5645,64,190764
1.5703,64,190764
1.5752,64,190764
1.5802,64,190764
1.5851,64,190764
1.5907,64,190764
1.5958,64,190764
1.6008,64,190764
1.6056,64,189250
1.6111,64,189250
1.6160,63,186222
1.6221,64,189250
1.6273,64,189250
1.6322,64,189250
1.6401,64,189250
1.6453,64,187736
1.6509,64,187736
1.6558,63,184708
1.6608,63,186222
1.6672,63,186222
1.6720,63,186222
1.6769,63,186222
1.6818,63,186222
1.6869,63,186222
1.6920,62,183194
1.6970,62,183194
1.7023,64,189250
1.7081,64,189250
1.7128,64,189250
1.7182,64,189250
1.7229,64,189250
1.7289,64,189250
1.7333,64,189250
1.7375,64,189250
1.7422,64,189250
1.7472,64,187736
1.7519,63,184708
1.7564,63,184708
1.7607,63,184708
1.7653,63,184708
1.7709,63,184708
1.7757,63,184708
1.7800,63,184708
1.7841,64,187736
1.7883,64,187736
1.7923,64,187736
1.7964,64,187736
1.8011,63,186222
1.8053,64,189250
1.8096,64,189250
1.8139,64,189250
1.8178,64,189250
1.8218,64,189250
1.8257,64,189250
1.8298,64,189250
1.8337,64,189250
1.8380,64,189250
1.8426,64,189250
1.8475,64,189250
1.8524,64,189250
1.8568,64,189250
1.8621,64,187736
1.8665,64,187736
1.8711,64,186222
1.8763,64,184708
1.8806,64,184708
1.8851,64,183194
1.8894,63,180166
1.8944,63,178652
1.8986,63,178652
1.9050,0,0
1.9095,63,178652
1.9141,0,0
1.9192,62,172596
1.9252,62,172596
1.9293,63,174110
1.9346,62,169568
1.9400,62,169568
1.9450,62,169568
1.9492,62,169568
1.9540,62,168054
1.9600,62,166540
1.9643,62,166540
1.9685,62,165026
1.9746,62,165026
1.9788,62,163512
1.9828,62,161998
1.9873,62,161998
1.9915,62,160484
1.9966,63,160484
2.0024,63,160484
2.0065,63,158970
2.0105,62,155942
2.0146,63,157456
2.0188,63,157456
2.0228,63,155942
2.0280,63,155942
2.0330,63,155942
2.0386,63,154428
2.0432,63,154428
2.0479,63,152914
2.0527,62,149886
2.0574,62,149886
2.0619,62,148372
2.0665,61,145344
2.0711,61,143830
2.0758,61,143830
2.0805,61,142316
2.0853,61,142316
2.0907,61,140802
2.0960,62,142316
2.1012,62,140802
2.1076,62,140802
2.1128,61,136260
2.1186,62,137774
2.1233,61,134746
2.1296,61,133232
2.1343,61,133232
2.1405,61,133232
2.1462,61,131718
2.1511,61,130204
2.1560,62,131718
2.1620,61,130204
2.1680,60,127176
2.1745,59,124148
2.1800,59,125662
2.1869,58,122634
2.1916,57,121120
2.1961,57,122634
2.2010,56,121120
2.2054,57,124148
2.2105,56,124148
2.2154,55,122634
2.2213,55,122634
2.2259,54,122634
2.2307,54,122634
2.2353,53,121120
2.2400,53,122634
2.2448,52,121120
2.2493,53,122634
2.2557,52,122634
2.2611,53,122634
2.2668,52,119606
2.2721,54,124148
2.2786,54,122634
2.2836,54,122634
2.2888,55,124148
2.2951,55,124148
2.2997,55,124148
2.3050,54,122634
2.3106,54,122634
2.3155,55,124148
2.3205,55,125662
2.3265,55,124148
2.3323,55,124148
2.3368,54,122634
2.3419,56,125662
2.3463,54,121120
2.3507,56,124148
2.3551,56,124148
2.3601,56,125662
2.3654,56,125662
2.3699,55,122634
2.3750,55,124148
2.3801,55,122634
2.3844,54,121120
2.3911,55,121120
2.3966,56,122634
2.4034,56,122634
2.4079,57,122634
2.4120,57,122634
2.4162,58,124148
2.4207,58,122634
2.4249,58,121120
2.4290,58,121120
2.4330,60,125662
2.4370,60,125662
2.4420,60,124148
2.4477,59,122634
2.4542,58,122634
2.4591,56,119606
2.4639,55,118092
2.4700,55,116578
2.4749,54,115064
2.4798,54,115064
2.4848,53,112036
2.4893,53,113550
2.4947,52,110522
2.4993,52,110522
2.5041,52,110522
2.5091,51,109008
2.5139,51,109008
2.5205,51,107494
2.5261,50,107494
2.5320,49,105980
2.5384,48,104466
2.5446,48,102952
2.5499,47,99924
2.5547,48,101438
2.5594,48,99924
2.5644,48,98410
2.5692,47,95382
2.5741,47,96896
2.5790,46,93868
2.5844,46,95382
2.5893,45,93868
2.5951,45,93868
2.6023,44,93868
2.6094,43,90840
2.6145,43,89326
2.6196,42,87812
2.6247,41,86298
2.6297,40,84784
2.6349,41,86298
2.6403,40,84784
2.6451,40,84784
2.6501,40,83270
2.6550,40,83270
2.6604,38,78728
2.6654,39,81756
2.6703,37,77214
2.6752,38,80242
2.6802,37,78728
2.6874,35,74186
2.6923,36,77214
2.6972,34,72672
2.7022,34,72672
2.7113,0,0
2.7165,0,0
2.7214,0,0
2.7263,29,66686
2.7321,30,71228
2.7375,29,68200
2.7431,29,68200
2.7482,28,66686
2.7531,29,69714
2.7583,27,66686
2.7636,28,69714
2.7687,27,66686
2.7735,27,68200
2.7785,27,68200
2.7853,27,71228
2.7902,25,66686
2.7952,25,68200
2.8001,24,66686
2.8049,24,66686
2.8101,23,65172
2.8168,24,68200
2.8216,24,69714
2.8278,23,66686
2.8339,0,0
2.8401,0,0
2.8472,0,0
2.8535,0,0
2.8601,24,72672
2.8647,24,72672
2.8700,24,72672
2.8745,0,0
2.8790,0,0
2.8835,0,0
2.8879,24,71158
2.8923,24,71158
2.8967,24,71158
2.9010,24,71158
2.9053,24,71158
2.9095,25,74186
2.9140,25,74186
2.9183,25,74186
2.9252,24,71158
2.9304,24,71158
2.9365,24,71158
2.9408,24,71158
2.9457,24,71158
2.9507,24,71158
2.9560,25,74186
2.9635,24,71158
2.9697,24,71158
2.9742,24,71158
2.9802,24,71158
2.9845,24,71158
2.9888,24,71158
2.9932,25,72672
2.9976,26,75700
3.0037,25,74186
3.0087,25,74186
3.0131,25,74186
3.0178,25,74186
3.0225,25,74186
3.0279,25,74186
3.0323,25,74186
3.0366,25,74186
3.0409,25,74186
3.0473,25,74186
3.0543,25,74186
3.0593,25,74186
3.0658,25,74186
3.0728,25,74186
3.0773,25,74186
3.0817,25,74186
3.0861,25,74186
3.0906,24,71158
3.0949,25,74186
3.0994,26,75700
3.1036,26,75700
3.1080,26,75700
3.1125,26,77214
3.1168,26,77214
3.1213,26,77214
3.1263,26,77214
3.1307,26,77214
3.1350,26,77214
3.1401,26,77214
3.1469,26,77214
3.1519,26,77214
3.1568,26,77214
3.1615,26,77214
3.1659,26,77214
3.1717,26,77214
3.1761,26,77214
3.1805,26,77214
3.1848,26,77214
3.1891,26,77214
3.1933,26,77214
3.1977,25,74186
3.2021,26,77214
3.2066,26,75700
3.2110,27,78728
3.2162,26,75700
3.2226,26,77214
3.2272,26,77214
3.2334,26,77214
3.2383,26,77214
3.2427,26,77214
3.2472,26,77214
3.2516,26,77214
3.2591,26,77214
3.2635,26,77214
3.2680,27,80242
3.2725,27,80242
3.2789,27,80242
3.2835,27,80242
3.2881,27,80242
3.2931,27,80242
3.2986,27,80242
3.3034,27,80242
3.3084,26,77214
3.3129,27,78728
3.3175,27,78728
3.3218,27,78728
3.3262,27,78728
3.3307,27,80242
3.3349,27,80242
3.3393,27,80242
3.3447,27,80242
3.3490,27,80242
3.3541,27,80242
3.3583,27,80242
3.3626,27,80242
3.3669,27,80242
3.3720,27,80242
3.3771,27,80242
3.3825,27,80242
3.3875,27,80242
3.3931,27,80242
3.3983,27,80242
3.4029,27,80242
3.4091,27,80242
3.4142,27,80242
3.4192,28,81756
3.4234,28,81756
3.4282,28,81756
3.4322,28,81756
3.4362,27,78728
3.4408,27,80242
3.4460,27,80242
3.4501,27,80242
3.4544,27,80242
3.4596,26,77214
3.4652,27,80242
3.4694,27,80242
3.4736,27,80242
3.4781,27,80242
3.4822,28,83270
3.4864,28,83270
3.4905,28,83270
3.4946,28,83270
3.4987,28,83270
3.5028,28,83270
3.5070,28,83270
3.5112,28,83270
3.5153,28,83270
3.5194,28,83270
3.5237,28,83270
3.5279,29,84784
3.5344,28,81756
3.5408,28,81756
3.5451,28,81756
3.5493,28,83270
3.5538,28,83270
3.5585,28,83270
3.5646,28,83270
3.5689,28,83270
3.5732,28,83270
3.5775,28,83270
3.5818,28,83270
3.5869,28,83270
3.5952,28,83270
3.6017,28,83270
3.6080,28,83270
3.6132,27,80242
3.6182,27,80242
3.6231,27,80242
3.6280,27,80242
3.6329,28,81756
3.6379,28,81756
3.6429,28,81756
3.6479,28,81756
3.6530,28,81756
3.6581,28,83270
3.6645,27,80242
3.6689,28,83270
3.6734,27,80242
3.6784,28,83270
3.6830,28,83270
3.6914,28,83270
3.6982,28,83270
3.7031,29,86298
3.7112,29,86298
3.7161,29,86298
3.7213,29,86298
3.7268,29,86298
3.7312,29,86298
3.7357,28,83270
3.7413,29,84784
3.7458,30,87812
3.7502,30,87812
3.7546,30,87812
3.7593,30,87812
3.7642,30,87812
3.7692,29,86298
3.7743,29,86298
3.7793,29,86298
3.7843,29,86298
3.7890,29,86298
3.7941,29,86298
3.7999,29,86298
3.8048,29,86298
3.8101,29,86298
3.8151,29,86298
3.8199,29,86298
3.8246,29,86298
3.8293,29,86298
3.8348,29,86298
3.8397,29,86298
3.8447,30,87812
3.8495,30,87812
3.8545,31,89326
3.8595,31,89326
3.8652,30,86298
3.8709,30,86298
3.8767,30,87812
3.8834,30,87812
3.8886,30,87812
3.8946,30,87812
3.8998,30,87812
3.9044,30,87812
3.9116,30,87812
3.9167,30,87812
3.9218,30,87812
3.9262,29,84784
3.9305,30,87812
3.9354,30,87812
3.9421,30,87812
3.9479,30,87812
3.9527,30,87812
3.9576,30,87812
3.9621,29,84784
3.9665,30,87812
3.9707,30,87812
3.9750,30,87812
3.9797,30,87812
3.9849,30,89326
3.9901,30,89326
3.9958,29,87812
4.0006,30,90840
4.0076,30,90840
4.0126,30,90840
4.0177,30,90840
4.0227,29,87812
4.0275,30,90840
4.0321,30,90840
4.0365,30,90840
4.0407,30,90840
4.0451,30,90840
4.0496,29,87812
4.0539,29,87812
4.0602,31,92354
4.0680,30,89326
4.0726,30,89326
4.0774,29,86298
4.0825,30,89326
4.0873,31,92354
4.0939,31,92354
4.0986,31,92354
4.1029,31,92354
4.1087,31,92354
4.1141,31,92354
4.1185,31,92354
4.1232,30,89326
4.1301,30,89326
4.1360,30,89326
4.1408,31,92354
4.1470,31,92354
4.1518,31,92354
4.1566,31,92354
4.1616,31,92354
4.1675,31,90840
4.1722,31,90840
4.1776,31,90840
4.1824,31,90840
4.1872,31,90840
4.1919,31,90840
4.1967,31,90840
4.2030,30,89326
4.2085,30,89326
4.2133,30,89326
4.2199,30,89326
4.2270,30,89326
4.2325,30,89326
4.2375,30,89326
4.2425,30,89326
4.2477,30,89326
4.2527,30,89326
4.2574,30,89326
4.2622,31,92354
4.2672,31,92354
4.2718,31,92354
4.2765,31,90840
4.2812,31,90840
4.2861,31,90840
4.2908,31,90840
4.2994,32,93868
4.3076,31,90840
4.3125,30,89326
4.3191,31,92354
4.3254,31,92354
4.3301,31,92354
4.3349,31,92354
4.3406,31,92354
4.3467,31,92354
4.3553,31,92354
4.3606,30,89326
4.3676,31,92354
4.3729,31,92354
4.3787,31,92354
4.3845,31,90840
4.3904,31,90840
4.3952,30,87812
4.4037,32,93868
4.4088,32,93868
4.4145,32,93868
4.4199,31,92354
4.4250,31,92354
4.4304,31,92354
4.4356,31,92354
4.4413,30,89326
4.4478,31,92354
4.4536,31,92354
4.4594,31,92354
4.4643,31,92354
4.4691,31,92354
4.4741,31,92354
4.4792,31,92354
4.4842,31,92354
4.4889,32,93868
4.4942,32,93868
4.5003,32,93868
4.5054,31,90840
4.5108,31,90840
4.5157,31,90840
4.5217,31,90840
4.5265,31,90840
4.5313,31,92354
4.5363,30,89326
4.5412,30,89326
4.5461,31,92354
4.5519,31,92354
4.5568,31,92354
4.5617,31,92354
4.5666,31,92354
4.5722,31,92354
4.5770,31,92354
4.5828,31,92354
4.5877,31,92354
4.5950,32,93868
4.6034,32,93868
4.6098,32,93868
4.6148,31,90840
4.6199,31,90840
4.6249,31,90840
4.6300,31,90840
4.6354,31,90840
4.6404,30,89326
4.6453,31,92354
4.6510,31,92354
4.6560,31,92354
4.6610,31,92354
4.6663,31,92354
4.6752,31,92354
4.6803,31,92354
4.6853,31,92354
4.6904,31,92354
4.6957,31,92354
4.7009,31,92354
4.7058,32,93868
4.7111,32,93868
4.7160,32,93868
4.7204,32,93868
4.7258,33,96896
4.7306,33,96896
4.7357,33,96896
4.7408,33,96896
4.7454,33,96896
4.7504,32,95382
4.7554,32,95382
4.7618,32,95382
4.7669,32,95382
4.7724,32,95382
4.7773,32,95382
4.7822,32,95382
4.7872,32,95382
4.7916,32,95382
4.7959,32,95382
4.8001,32,95382
4.8044,32,95382
4.8088,32,95382
4.8129,32,93868
4.8170,32,93868
4.8212,32,93868
4.8254,32,93868
4.8296,32,93868
4.8358,33,96896
4.8407,32,93868
4.8461,33,96896
4.8513,32,93868
4.8563,32,95382
4.8611,32,95382
4.8660,32,95382
4.8709,32,95382
4.8758,32,95382
4.8809,32,95382
4.8860,32,95382
4.8918,32,95382
4.8967,32,95382
4.9014,32,95382
4.9059,32,95382
4.9102,32,95382
4.9145,32,95382
4.9188,32,95382
4.9231,32,93868
4.9273,32,93868
4.9316,32,93868
4.9361,32,93868
4.9418,32,93868
4.9467,32,93868
4.9527,32,93868
4.9591,33,96896
4.9645,33,96896
4.9709,32,95382
4.9755,32,95382
4.9799,32,95382
4.9842,32,95382
4.9886,32,95382
4.9930,32,95382
4.9972,32,95382
5.0020,32,95382
5.0067,32,95382
5.0111,32,95382
5.0160,31,92354
5.0206,32,95382
5.0251,32,95382
5.0294,33,96896
5.0338,33,96896
5.0383,33,96896
5.0431,33,96896
5.0496,33,96896
5.0543,32,93868
5.0604,32,93868
5.0667,33,96896
5.0729,33,96896
5.0774,32,95382
5.0818,32,95382
5.0863,31,92354
5.0907,32,95382
5.0951,32,95382
5.0994,32,95382
5.1039,32,95382
5.1085,32,95382
5.1150,32,95382
5.1194,32,95382
5.1239,32,95382
5.1283,32,95382
5.1347,31,92354
5.1392,33,96896
5.1469,33,96896
5.1515,33,96896
5.1561,33,96896
5.1604,32,93868
5.1647,32,93868
5.1689,32,93868
5.1733,32,93868
5.1777,33,96896
5.1826,33,96896
5.1869,32,95382
5.1920,32,95382
5.1993,32,95382
5.2039,32,95382
5.2085,32,95382
5.2128,32,95382
5.2181,32,95382
5.2227,32,95382
5.2271,32,95382
5.2315,32,95382
5.2369,32,95382
5.2422,32,95382
5.2472,33,96896
5.2522,33,96896
5.2570,33,96896
5.2635,33,96896
5.2686,32,93868
5.2745,32,93868
5.2796,32,93868
5.2845,32,93868
5.2909,33,96896
5.2956,32,95382
5.3019,32,95382
5.3079,31,92354
5.3153,32,95382
5.3212,32,95382
5.3277,32,95382
5.3321,32,95382
5.3366,32,95382
5.3410,32,95382
5.3466,32,95382
5.3516,32,95382
5.3583,33,96896
5.3631,33,96896
5.3676,33,96896
5.3725,33,96896
5.3771,32,93868
5.3819,32,93868
5.3869,32,93868
5.3920,32,93868
5.3981,32,93868
5.4032,32,95382
5.4093,32,95382
5.4156,32,95382
5.4198,32,95382
5.4253,32,95382
5.4301,32,95382
5.4351,32,95382
5.4395,32,95382
5.4451,32,95382
5.4490,32,95382
5.4530,32,95382
5.4586,32,95382
5.4636,33,96896
5.4678,33,96896
5.4722,33,96896
5.4763,33,96896
5.4804,33,96896
5.4868,32,93868
5.4951,32,93868
5.5033,33,96896
5.5098,33,96896
5.5147,32,95382
5.5195,32,95382
5.5244,32,95382
5.5293,32,95382
5.5341,32,95382
5.5397,32,95382
5.5449,32,95382
5.5507,32,95382
5.5558,32,95382
5.5606,32,95382
5.5664,32,95382
5.5714,33,96896
5.5770,33,96896
5.5827,33,96896
5.5880,33,96896
5.5928,33,96896
5.5977,33,96896
5.6023,32,93868
5.6067,32,93868
5.6111,33,96896
5.6179,33,96896
5.6224,32,95382
5.6280,32,95382
5.6325,32,95382
5.6396,32,95382
5.6447,32,95382
5.6496,32,95382
5.6540,32,95382
5.6586,32,95382
5.6637,32,95382
5.6689,32,95382
5.6740,32,95382
5.6786,31,92354
5.6849,33,96896
5.6902,33,96896
5.6948,33,96896
5.6992,32,93868
5.7036,33,96896
5.7080,33,96896
5.7124,33,96896
5.7166,33,96896
5.7217,33,96896
5.7270,33,96896
5.7320,32,95382
5.7372,32,95382
5.7424,32,95382
5.7473,32,95382
5.7527,32,95382
5.7578,32,95382
5.7638,32,95382
5.7688,32,95382
5.7735,32,95382
5.7788,32,95382
5.7841,32,95382
5.7890,33,96896
5.7939,33,96896
5.7989,33,96896
5.8040,33,96896
5.8089,33,96896
5.8159,34,98410
5.8210,34,98410
5.8259,34,98410
5.8308,34,98410
5.8357,33,96896
5.8423,33,96896
5.8473,33,96896
5.8526,33,96896
5.8602,33,96896
5.8655,33,96896
5.8709,33,96896
5.8793,33,96896
5.8861,32,93868
5.8934,33,96896
5.8987,33,96896
5.9038,33,96896
5.9100,33,96896
5.9151,33,96896
5.9200,33,96896
5.9248,33,96896
5.9297,33,96896
5.9347,33,96896
5.9397,33,96896
5.9446,33,96896
5.9495,32,95382
5.9544,32,95382
5.9592,32,95382
5.9641,32,95382
5.9707,31,93868
5.9764,31,93868
5.9823,31,93868
5.9881,32,96896
5.9929,32,96896
5.9977,32,96896
6.0038,32,96896
6.0090,32,95382
6.0141,32,95382
6.0192,32,95382
6.0245,32,95382
6.0292,32,95382
6.0346,32,95382
6.0395,32,95382
6.0443,32,95382
6.0489,32,95382
6.0534,31,92354
6.0582,32,95382
6.0630,32,95382
6.0679,32,95382
6.0728,32,95382
6.0773,32,95382
6.0821,32,95382
6.0869,32,95382
6.0919,32,95382
6.0969,32,95382
6.1029,32,95382
6.1078,32,95382
6.1126,32,95382
6.1175,32,95382
6.1226,32,93868
6.1274,32,93868
6.1326,33,96896
6.1408,32,93868
6.1468,32,93868
6.1523,33,96896
6.1592,32,93868
6.1659,32,95382
6.1717,32,95382
6.1769,32,95382
6.1818,32,95382
6.1869,32,95382
6.1934,32,95382
6.2002,31,92354
6.2071,32,95382
6.2122,32,95382
6.2183,32,95382
6.2240,32,95382
6.2290,33,96896
6.2340,33,96896
6.2391,32,93868
6.2442,33,96896
6.2493,32,93868
6.2542,32,93868
6.2610,32,93868
6.2660,32,93868
6.2711,33,96896
6.2759,32,95382
6.2808,32,95382
6.2859,32,95382
6.2911,32,95382
6.2978,32,95382
6.3033,32,95382
6.3084,31,92354
6.3145,31,92354
6.3194,31,92354
6.3242,31,92354
6.3292,32,95382
6.3341,33,96896
6.3400,33,96896
6.3453,33,96896
6.3505,33,96896
6.3553,33,96896
6.3603,32,93868
6.3652,32,93868
6.3701,33,96896
6.3767,33,96896
6.3815,33,96896
6.3863,32,95382
6.3912,32,95382
6.3973,32,95382
6.4040,32,95382
6.4113,32,95382
6.4177,32,95382
6.4233,31,92354
6.4283,31,92354
6.4333,32,95382
6.4398,32,95382
6.4460,33,96896
6.4518,33,96896
6.4565,33,96896
6.4611,33,96896
6.4666,33,96896
6.4713,33,96896
6.4759,33,96896
6.4809,33,96896
6.4853,33,96896
6.4895,33,96896
6.4937,31,92354
6.4979,32,95382
6.5021,32,95382
6.5062,32,95382
6.5106,32,95382
6.5157,32,95382
6.5233,32,95382
6.5298,32,95382
6.5356,32,95382
6.5404,32,95382
6.5452,32,95382
6.5511,32,95382
6.5562,33,96896
6.5613,32,93868
6.5665,33,96896
6.5716,33,96896
6.5765,32,93868
6.5813,32,93868
6.5868,32,93868
6.5917,32,93868
6.5966,32,93868
6.6014,32,95382
6.6063,32,95382
6.6120,32,95382
6.6168,32,95382
6.6216,32,95382
6.6267,32,95382
6.6318,31,92354
6.6366,31,92354
6.6414,31,92354
6.6463,31,92354
6.6519,32,95382
6.6576,32,95382
6.6650,33,96896
6.6710,33,96896
6.6760,33,96896
6.6808,33,96896
6.6863,33,95382
6.6912,33,95382
6.6964,33,95382
6.7013,33,95382
6.7071,34,98410
6.7120,33,96896
6.7169,33,96896
6.7218,33,96896
6.7269,33,96896
6.7318,33,96896
6.7390,32,93868
6.7474,33,96896
6.7527,33,96896
6.7603,33,96896
6.7666,33,96896
6.7716,33,96896
6.7765,33,96896
6.7819,33,96896
6.7865,33,96896
6.7912,33,96896
6.7957,32,93868
6.8028,33,96896
6.8083,33,96896
6.8133,32,93868
6.8185,32,95382
6.8234,32,95382
6.8282,32,95382
6.8333,32,95382
6.8386,32,95382
6.8435,31,93868
6.8484,31,93868
6.8549,32,96896
6.8601,32,96896
6.8650,32,96896
6.8715,31,93868
6.8781,31,93868
6.8823,32,95382
6.8863,32,95382
6.8904,33,98410
6.8943,33,98410
6.8981,32,95382
6.9021,32,95382
6.9060,31,92354
6.9097,32,95382
6.9139,32,95382
6.9176,32,95382
6.9217,32,95382
6.9264,31,92354
6.9307,32,95382
6.9353,32,95382
6.9396,32,95382
6.9440,33,98410
6.9482,33,98410
6.9527,33,98410
6.9570,33,98410
6.9616,33,98410
6.9662,32,95382
6.9704,32,95382
6.9745,32,95382
6.9786,32,95382
6.9830,32,95382
6.9875,33,98410
6.9919,33,96896
6.9962,33,96896
7.0005,33,96896
7.0047,32,93868
7.0098,33,96896
7.0148,32,93868
7.0191,32,93868
7.0232,32,93868
7.0278,32,93868
7.0332,32,93868
7.0379,32,95382
7.0429,32,95382
7.0479,32,95382
7.0523,32,95382
7.0565,32,95382
7.0631,32,95382
7.0695,32,95382
7.0739,32,95382
7.0785,32,95382
7.0827,32,95382
7.0869,32,95382
7.0918,32,95382
7.0973,33,96896
7.1021,33,96896
7.1063,33,96896
7.1109,33,96896
7.1158,33,96896
7.1220,32,93868
7.1264,32,93868
7.1307,33,96896
7.1353,33,96896
7.1399,33,96896
7.1447,33,96896
7.1488,32,95382
7.1536,32,95382
7.1588,32,95382
7.1637,32,95382
7.1683,32,95382
7.1727,32,95382
7.1783,32,95382
7.1845,32,95382
7.1905,32,95382
7.1957,32,95382
7.2026,32,95382
7.2096,33,96896
7.2155,33,96896
7.2237,33,96896
7.2295,33,96896
7.2349,32,93868
7.2402,32,93868
7.2451,32,93868
7.2501,32,93868
7.2550,32,95382
7.2598,32,95382
7.2646,32,95382
7.2715,32,95382
7.2771,32,95382
7.2832,32,95382
7.2883,32,95382
7.2931,32,95382
7.2989,32,95382
7.3033,32,95382
7.3082,32,95382
7.3127,32,95382
7.3172,33,96896
7.3216,33,96896
7.3260,33,96896
7.3305,33,96896
7.3374,33,96896
7.3439,32,93868
7.3486,32,93868
7.3539,32,93868
7.3591,32,93868
7.3636,32,95382
7.3696,32,95382
7.3757,31,92354
7.3801,32,95382
7.3844,32,95382
7.3891,31,92354
7.3943,32,95382
7.3986,32,95382
7.4039,32,95382
7.4113,32,95382
7.4187,32,95382
7.4238,32,95382
7.4279,33,96896
7.4324,33,96896
7.4364,33,96896
7.4407,33,96896
7.4448,33,96896
7.4489,32,93868
7.4530,32,93868
7.4573,33,96896
7.4613,33,96896
7.4653,32,93868
7.4694,32,93868
7.4736,32,95382
7.4795,32,95382
7.4836,32,95382
7.4878,32,95382
7.4923,32,95382
7.4989,31,92354
7.5042,32,95382
7.5109,32,95382
7.5151,32,95382
7.5196,32,95382
7.5239,32,95382
7.5283,31,92354
7.5327,33,96896
7.5399,33,96896
7.5462,33,96896
7.5519,33,96896
7.5568,33,96896
7.5617,33,95382
7.5670,33,95382
7.5719,33,95382
7.5770,33,95382
7.5839,33,96896
7.5889,33,96896
7.5936,32,93868
7.5981,32,93868
7.6027,33,96896
7.6112,32,93868
7.6172,32,93868
7.6224,32,93868
7.6276,32,93868
7.6321,32,93868
7.6367,33,96896
7.6410,33,96896
7.6475,33,96896
7.6523,33,96896
7.6566,33,96896
7.6613,32,93868
7.6657,33,96896
7.6701,34,99924
7.6757,33,96896
7.6821,33,96896
7.6867,33,96896
7.6911,33,98410
7.6954,33,98410
7.6997,33,98410
7.7043,33,98410
7.7085,33,98410
7.7127,33,99924
7.7182,33,99924
7.7230,33,99924
7.7273,33,99924
7.7316,32,96896
7.7364,32,96896
7.7408,32,96896
7.7452,32,96896
7.7509,32,96896
7.7559,33,98410
7.7622,33,98410
7.7673,33,98410
7.7723,33,98410
7.7774,31,92354
7.7821,32,95382
7.7882,33,98410
7.7931,33,98410
7.7984,32,95382
7.8043,32,95382
7.8090,33,98410
7.8146,33,98410
7.8193,33,98410
7.8238,32,95382
7.8287,33,98410
7.8354,33,98410
7.8404,32,95382
7.8452,32,95382
7.8502,32,95382
7.8575,34,99924
7.8629,34,99924
7.8698,33,96896
7.8752,33,96896
7.8805,33,96896
7.8865,33,96896
7.8920,34,99924
7.8968,34,99924
7.9021,34,99924
7.9070,34,99924
7.9119,33,98410
7.9168,33,98410
7.9217,33,98410
7.9269,33,98410
7.9317,33,98410
7.9378,33,98410
7.9425,33,98410
7.9470,33,98410
7.9513,33,98410
7.9558,33,98410
7.9629,34,99924
7.9695,34,99924
7.9759,34,99924
7.9808,34,99924
7.9873,34,99924
7.9923,34,99924
7.9974,34,99924
8.0024,34,99924
8.0073,34,99924
8.0122,34,99924
8.0173,33,98410
8.0222,33,98410
8.0272,33,98410
8.0323,33,98410
8.0372,33,98410
8.0421,33,98410
8.0476,33,98410
8.0525,33,98410
8.0573,33,98410
8.0624,33,98410
8.0673,33,98410
8.0722,33,98410
8.0770,34,99924
8.0818,34,99924
8.0870,34,99924
8.0936,34,99924
8.0997,34,99924
8.1046,34,99924
8.1099,34,99924
8.1153,34,99924
8.1203,34,99924
8.1253,34,99924
8.1304,33,98410
8.1354,33,98410
8.1407,33,98410
8.1456,33,98410
8.1505,34,101438
8.1553,34,101438
8.1602,34,101438
8.1652,34,101438
8.1701,34,101438
8.1752,34,101438
8.1800,34,101438
8.1849,34,99924
8.1900,34,99924
8.1950,34,99924
8.1999,34,99924
8.2050,34,99924
8.2100,34,99924
8.2150,35,102952
8.2204,35,102952
8.2254,35,102952
8.2304,34,99924
8.2355,34,101438
8.2404,34,101438
8.2463,34,101438
8.2512,34,101438
8.2561,34,101438
8.2610,34,101438
8.2660,34,101438
8.2720,34,101438
8.2771,34,101438
8.2823,34,101438
8.2874,34,101438
8.2922,34,99924
8.2973,34,99924
8.3022,34,99924
8.3072,34,99924
8.3123,34,99924
8.3173,34,99924
8.3223,33,96896
8.3274,34,99924
8.3326,35,102952
8.3375,35,102952
8.3424,35,102952
8.3473,34,101438
8.3525,34,101438
8.3575,34,101438
8.3630,34,101438
8.3682,34,101438
8.3734,34,101438
8.3796,33,98410
8.3858,33,98410
8.3908,34,101438
8.3960,35,102952
8.4012,35,102952
8.4062,35,102952
8.4113,35,102952
8.4167,35,102952
8.4220,35,102952
8.4271,35,102952
8.4314,35,101438
8.4356,35,101438
8.4398,35,101438
8.4442,35,101438
8.4482,36,104466
8.4522,36,104466
8.4564,35,102952
8.4605,35,102952
8.4648,35,102952
8.4689,35,102952
8.4731,35,102952
8.4773,35,102952
8.4815,35,102952
8.4858,35,102952
8.4901,35,102952
8.4944,35,102952
8.4986,35,102952
8.5030,35,102952
8.5073,35,102952
8.5117,35,102952
8.5162,35,102952
8.5205,35,102952
8.5249,35,102952
8.5294,35,102952
8.5338,35,102952
8.5381,34,99924
8.5427,35,102952
8.5471,35,102952
8.5519,35,102952
8.5562,35,102952
8.5604,35,102952
8.5646,34,101438
8.5688,34,101438
8.5730,34,101438
8.5772,34,101438
8.5816,34,101438
8.5859,34,101438
8.5910,34,101438
8.5953,34,102952
8.5997,34,102952
8.6039,34,102952
8.6085,33,99924
8.6128,33,99924
8.6171,34,101438
8.6215,34,101438
8.6259,34,101438
8.6303,34,101438
8.6348,35,104466
8.6391,35,104466
8.6435,35,104466
8.6480,34,101438
8.6524,35,104466
8.6576,35,104466
8.6619,35,104466
8.6664,35,104466
8.6710,35,104466
8.6755,35,104466
8.6800,34,101438
8.6844,34,101438
8.6889,34,101438
8.6933,34,101438
8.6979,35,104466
8.7024,35,104466
8.7069,35,104466
8.7111,35,104466
8.7154,35,104466
8.7202,36,105980
8.7245,35,102952
8.7289,35,102952
8.7332,35,102952
8.7376,35,102952
8.7419,35,102952
8.7463,36,105980
8.7507,36,105980
8.7550,36,105980
8.7593,36,105980
8.7640,36,105980
8.7684,35,102952
8.7728,35,102952
8.7770,35,102952
8.7813,35,104466
8.7856,35,104466
8.7899,35,104466
8.7942,35,104466
8.7988,35,104466
8.8030,35,104466
8.8089,35,104466
8.8132,35,104466
8.8175,35,104466
8.8218,35,104466
8.8263,35,104466
8.8306,36,105980
8.8350,36,105980
8.8395,36,105980
8.8437,36,105980
8.8481,36,105980
8.8524,36,105980
8.8573,36,105980
8.8622,36,105980
8.8671,35,102952
8.8714,35,102952
8.8761,35,102952
8.8804,35,102952
8.8848,35,102952
8.8902,35,104466
8.8950,35,104466
8.8993,35,104466
8.9035,35,104466
8.9084,35,104466
8.9137,35,104466
8.9192,35,104466
8.9240,36,107494
8.9290,36,107494
8.9338,36,107494
8.9387,36,105980
8.9438,36,105980
8.9487,36,105980
8.9533,36,105980
8.9583,36,105980
8.9629,36,105980
8.9676,36,105980
8.9724,36,105980
8.9772,37,109008
8.9818,37,109008
8.9868,37,109008
8.9910,36,105980
8.9953,36,105980
8.9999,36,107494
9.0044,36,107494
9.0090,36,107494
9.0135,36,107494
9.0183,36,107494
9.0231,36,107494
9.0283,36,107494
9.0330,36,107494
9.0375,36,107494
9.0423,36,107494
9.0470,37,109008
9.0514,37,109008
9.0562,37,109008
9.0608,37,109008
9.0658,37,109008
9.0708,37,109008
9.0758,37,109008
9.0807,37,109008
9.0855,36,105980
9.0905,36,105980
9.0954,36,105980
9.1002,36,105980
9.1053,37,109008
9.1101,36,107494
9.1149,35,104466
9.1201,36,107494
9.1263,36,107494
9.1313,36,107494
9.1361,36,107494
9.1409,36,107494
9.1456,36,107494
9.1506,37,109008
9.1553,37,109008
9.1599,37,109008
9.1646,37,109008
9.1697,37,109008
9.1755,37,109008
9.1803,37,109008
9.1848,37,109008
9.1894,37,109008
9.1941,36,105980
9.1989,37,109008
9.2036,37,109008
9.2083,37,109008
9.2130,37,109008
9.2190,37,110522
9.2235,37,110522
9.2278,37,110522
9.2320,37,110522
9.2361,37,110522
9.2403,37,110522
9.2452,37,110522
9.2492,37,110522
9.2534,37,110522
9.2575,37,110522
9.2619,37,109008
9.2676,36,105980
9.2718,37,109008
9.2760,37,109008
9.2803,37,109008
9.2846,37,109008
9.2889,37,109008
9.2932,37,109008
9.2983,37,109008
9.3037,37,109008
9.3080,37,109008
9.3122,37,109008
9.3164,37,109008
9.3206,37,109008
9.3248,38,112036
9.3288,37,110522
9.3331,37,110522
9.3378,36,107494
9.3420,37,110522
9.3462,37,110522
9.3504,37,110522
9.3546,37,110522
9.3588,37,110522
9.3629,38,112036
9.3673,38,112036
9.3718,37,109008
9.3761,38,112036
9.3805,38,112036
9.3846,38,112036
9.3887,38,112036
9.3930,38,112036
9.3971,38,112036
9.4013,38,112036
9.4053,37,109008
9.4096,38,112036
9.4137,39,115064
9.4180,39,115064
9.4221,38,112036
9.4263,38,112036
9.4304,38,112036
9.4346,38,113550
9.4387,38,113550
9.4427,38,113550
9.4469,38,113550
9.4511,38,113550
9.4558,38,113550
9.4599,38,113550
9.4638,38,113550
9.4678,38,113550
9.4719,38,112036
9.4758,37,109008
9.4798,38,112036
9.4838,38,112036
9.4893,38,112036
9.4932,39,115064
9.4971,39,115064
9.5009,39,115064
9.5048,39,115064
9.5087,39,115064
9.5126,39,115064
9.5185,39,115064
9.5225,39,115064
9.5265,38,112036
9.5307,38,112036
9.5347,38,112036
9.5387,39,115064
9.5429,39,115064
9.5486,38,113550
9.5537,38,113550
9.5577,38,113550
9.5634,38,113550
9.5675,38,113550
9.5715,38,113550
9.5756,39,115064
9.5796,39,115064
9.5837,39,115064
9.5878,39,115064
9.5917,39,115064
9.5956,39,115064
9.5996,38,112036
9.6037,39,115064
9.6077,38,112036
9.6131,39,115064
9.6172,39,115064
9.6213,39,115064
9.6254,39,115064
9.6301,38,112036
9.6344,39,115064
9.6385,39,115064
9.6425,40,118092
9.6465,40,118092
9.6515,40,118092
9.6559,39,116578
9.6600,38,113550
9.6641,39,116578
9.6684,39,116578
9.6727,39,116578
9.6769,39,116578
9.6813,40,118092
9.6854,40,118092
9.6898,40,118092
9.6940,40,118092
9.6983,40,118092
9.7026,40,118092
9.7068,40,118092
9.7111,40,118092
9.7159,40,118092
9.7201,40,118092
9.7245,40,118092
9.7286,40,118092
9.7330,40,118092
9.7371,40,118092
9.7413,41,121120
9.7456,41,121120
9.7500,41,121120
9.7544,40,118092
9.7588,40,118092
9.7644,40,119606
9.7711,40,119606
9.7755,40,119606
9.7795,40,119606
9.7835,39,116578
9.7874,40,119606
9.7912,40,118092
9.7956,40,118092
9.7994,40,118092
9.8034,40,118092
9.8075,40,118092
9.8114,41,121120
9.8153,41,121120
9.8192,41,121120
9.8230,41,121120
9.8268,41,121120
9.8306,41,121120
9.8350,41,121120
9.8394,41,121120
9.8434,41,121120
9.8473,40,118092
9.8512,40,118092
9.8552,41,121120
9.8590,41,121120
9.8629,40,118092
9.8668,40,118092
9.8707,40,119606
9.8747,40,119606
9.8787,41,122634
9.8827,41,122634
9.8867,41,122634
9.8907,41,122634
9.8947,41,121120
9.8988,41,121120
9.9028,41,121120
9.9067,41,121120
9.9107,41,121120
9.9154,41,121120
9.9195,41,121120
9.9235,41,121120
9.9275,41,121120
9.9314,40,118092
9.9353,41,121120
9.9396,41,121120
9.9436,41,121120
9.9477,42,124148
9.9531,42,124148
9.9570,41,121120
9.9609,41,121120
9.9663,41,121120
9.9703,41,121120
9.9746,42,124148
9.9798,41,122634
9.9838,41,122634
9.9878,41,122634
9.9918,40,119606
9.9958,41,122634
10.0000,42,124148
10.0042,42,124148
10.0082,42,124148
10.0121,42,124148
10.0163,42,124148
10.0202,42,124148
10.0242,42,124148
10.0283,42,124148
10.0323,42,124148
10.0363,42,124148
10.0404,41,121120
10.0449,41,121120
10.0499,42,124148
10.0549,42,124148
10.0599,41,121120
10.0649,41,121120
10.0699,42,124148
10.0749,42,124148
10.0799,42,124148
10.0849,42,124148
10.0899,42,125662
10.0949,42,125662
10.0999,42,125662
10.1049,43,127176
10.1099,43,127176
10.1149,43,127176
10.1208,43,127176
10.1249,42,124148
10.1300,43,127176
10.1349,43,127176
10.1399,43,127176
10.1449,43,127176
10.1499,43,127176
10.1549,43,127176
10.1599,43,127176
10.1649,43,127176
10.1699,43,127176
10.1749,43,127176
10.1799,43,127176
10.1849,43,127176
10.1899,43,127176
10.1955,43,127176
10.1999,43,128690
10.2049,42,125662
10.2099,42,125662
10.2149,42,124148
10.2199,43,127176
10.2249,44,130204
10.2299,44,130204
10.2349,44,130204
10.2399,44,130204
10.2449,44,130204
10.2499,44,130204
10.2549,44,130204
10.2599,44,130204
10.2649,44,130204
10.2699,44,130204
10.2749,44,130204
10.2799,44,130204
10.2849,43,127176
10.2899,44,130204
10.2949,45,133232
10.2998,45,133232
10.3049,45,133232
10.3099,44,131718
10.3149,44,130204
10.3199,44,130204
10.3249,44,130204
10.3299,44,130204
10.3349,44,130204
10.3399,45,133232
10.3451,45,133232
10.3499,45,133232
10.3549,45,133232
10.3599,45,133232
10.3649,45,133232
10.3699,45,133232
10.3751,45,133232
10.3799,45,133232
10.3849,45,133232
10.3899,45,133232
10.3949,46,136260
10.3999,46,136260
10.4049,46,136260
10.4099,46,136260
10.4149,46,136260
10.4199,45,133232
10.4249,45,133232
10.4299,45,133232
10.4349,45,133232
10.4399,45,133232
10.4449,45,133232
10.4499,45,133232
10.4549,46,136260
10.4599,46,136260
10.4649,46,136260
10.4699,46,136260
10.4749,46,136260
10.4799,46,136260
10.4849,46,136260
10.4899,46,136260
10.4949,46,136260
10.4999,46,136260
10.5049,46,136260
10.5099,46,136260
10.5149,46,136260
10.5199,46,136260
10.5249,46,136260
10.5299,46,136260
10.5349,46,136260
10.5399,46,136260
10.5449,46,136260
10.5499,46,136260
10.5549,46,136260
10.5599,46,136260
10.5649,46,136260
10.5699,47,139288
10.5749,47,139288
10.5799,47,139288
10.5851,47,139288
10.5899,46,136260
10.5949,46,136260
10.5999,46,136260
10.6049,47,139288
10.6099,46,136260
10.6149,46,136260
10.6199,47,139288
10.6249,47,139288
10.6299,47,137774
10.6349,47,139288
10.6399,47,139288
10.6449,47,139288
10.6499,47,139288
10.6549,47,139288
10.6599,47,139288
10.6649,47,139288
10.6699,47,139288
10.6749,48,142316
10.6799,47,139288
10.6849,47,139288
10.6899,48,142316
10.6951,48,142316
10.6999,48,142316
10.7051,48,142316
10.7099,48,142316
10.7149,48,142316
10.7199,47,139288
10.7249,48,142316
10.7299,48,142316
10.7349,48,140802
10.7399,48,140802
10.7449,47,139288
10.7499,48,142316
10.7549,47,139288
10.7599,47,139288
10.7649,48,142316
10.7699,49,145344
10.7749,49,145344
10.7799,49,145344
10.7849,49,145344
10.7899,49,145344
10.7949,49,145344
10.7999,49,145344
10.8049,49,145344
10.8099,49,145344
10.8149,49,145344
10.8199,49,145344
10.8249,49,145344
10.8299,48,142316
10.8349,49,145344
10.8399,50,146858
10.8449,50,146858
10.8499,51,149886
10.8549,50,148372
10.8599,50,148372
10.8649,50,148372
10.8699,50,148372
10.8749,50,148372
10.8799,50,148372
10.8849,50,148372
10.8899,50,148372
10.8949,50,148372
10.8999,50,148372
10.9049,50,148372
10.9099,50,148372
10.9149,50,148372
10.9205,50,148372
10.9249,50,148372
10.9299,50,148372
10.9349,50,148372
10.9399,52,152914
10.9449,52,152914
10.9499,52,152914
10.9549,52,152914
10.9599,52,152914
10.9649,51,151400
10.9699,51,151400
10.9749,51,151400
10.9799,51,151400
10.9849,51,151400
10.9899,51,151400
10.9949,51,151400
10.9999,51,151400
11.0049,51,151400
11.0099,51,151400
11.0149,51,151400
11.0199,51,151400
11.0249,52,154428
11.0299,52,154428
11.0349,52,154428
11.0399,52,154428
11.0449,52,152914
11.0499,53,155942
11.0554,52,152914
11.0600,53,155942
11.0649,52,152914
11.0699,52,154428
11.0749,52,154428
11.0799,52,154428
11.0849,52,154428
11.0899,52,154428
11.0949,52,154428
11.0999,52,154428
11.1049,53,157456
11.1099,53,157456
11.1149,53,157456
11.1199,53,157456
11.1249,53,157456
11.1299,53,157456
11.1349,53,157456
11.1399,53,157456
11.1449,52,154428
11.1499,54,158970
11.1549,53,155942
11.1599,53,155942
11.1649,53,155942
11.1699,53,155942
11.1749,53,155942
11.1807,53,157456
11.1849,53,157456
11.1899,54,160484
11.1949,54,160484
11.1999,54,160484
11.2051,54,160484
11.2099,54,160484
11.2149,54,160484
11.2199,54,160484
11.2251,54,160484
11.2299,53,157456
11.2349,54,160484
11.2399,54,160484
11.2449,55,161998
11.2499,55,161998
11.2549,55,161998
11.2599,55,161998
11.2649,54,158970
11.2699,55,161998
11.2749,55,161998
11.2799,55,161998
11.2849,55,161998
11.2899,55,163512
11.2949,55,163512
11.2999,55,163512
11.3051,54,160484
11.3099,55,163512
11.3149,55,163512
11.3199,55,163512
11.3249,55,163512
11.3299,55,163512
11.3355,55,163512
11.3399,56,166540
11.3449,56,166540
11.3499,56,165026
11.3549,56,165026
11.3599,56,165026
11.3649,56,165026
11.3699,56,165026
11.3749,55,161998
11.3799,56,165026
11.3849,56,165026
11.3899,57,168054
11.3949,57,168054
11.3999,56,166540
11.4049,56,166540
11.4099,56,166540
11.4149,57,169568
11.4199,57,169568
11.4249,57,169568
11.4308,57,169568
11.4350,57,169568
11.4399,57,169568
11.4449,57,169568
11.4499,58,171082
11.4549,58,171082
11.4599,58,171082
11.4649,58,171082
11.4699,58,171082
11.4749,58,171082
11.4799,58,171082
11.4849,59,174110
11.4899,59,174110
11.4949,59,174110
11.4999,59,174110
11.5049,59,174110
11.5099,58,172596
11.5149,58,172596
11.5199,58,172596
11.5251,58,172596
11.5299,58,172596
11.5349,58,172596
11.5399,58,172596
11.5449,58,172596
11.5499,58,172596
11.5549,59,174110
11.5599,59,174110
11.5651,59,174110
11.5699,59,174110
11.5749,59,174110
11.5799,58,171082
11.5849,59,174110
11.5899,59,174110
11.5949,0,0
11.5999,0,0
11.6049,59,174110
11.6099,59,174110
11.6149,59,175624
11.6199,59,175624
11.6249,60,178652
11.6299,60,178652
11.6350,60,178652
11.6399,60,178652
11.6449,60,178652
11.6499,60,178652
11.6549,60,178652
11.6599,0,0
11.6649,61,180166
11.6699,61,180166
11.6749,61,180166
11.6799,61,180166
11.6849,61,180166
11.6899,61,180166
11.6949,0,0
11.6999,0,0
11.7049,61,180166
11.7099,61,180166
11.7149,61,180166
11.7199,61,180166
11.7249,61,181680
11.7299,61,181680
11.7349,61,181680
11.7399,61,181680
11.7449,61,181680
11.7499,61,181680
11.7549,61,181680
11.7599,62,183194
11.7649,62,183194
11.7699,61,180166
11.7749,61,180166
11.7799,62,183194
11.7849,62,183194
11.7899,63,186222
11.7949,63,186222
11.7999,63,186222
11.8049,63,186222
11.8099,62,183194
11.8149,62,183194
11.8199,62,183194
11.8249,62,183194
11.8299,63,186222
11.8349,63,187736
11.8399,62,184708
11.8449,62,184708
11.8499,63,187736
11.8549,62,184708
11.8599,64,189250
11.8649,63,186222
11.8699,64,189250
11.8749,64,189250
11.8799,64,189250
11.8849,64,189250
11.8899,64,189250
11.8953,64,189250
11.8999,64,189250
11.9049,64,189250
11.9099,64,189250
11.9149,64,189250
11.9199,64,189250
11.9249,63,186222
11.9299,64,189250
11.9352,64,189250
11.9399,64,189250
11.9449,64,190764
11.9499,64,190764
11.9549,64,190764
11.9599,64,189250
11.9649,64,189250
11.9704,64,189250
11.9749,64,189250
11.9799,64,189250
11.9849,64,189250
11.9899,64,189250
11.9949,64,189250
11.9999,64,189250
12.0049,64,189250
12.0099,64,189250
12.0149,64,189250
12.0199,64,189250
12.0249,64,189250
12.0299,64,189250
12.0349,64,189250
12.0399,64,189250
12.0449,64,189250
12.0499,64,189250
12.0549,63,187736
12.0599,64,189250
12.0649,64,189250
12.0699,64,189250
12.0749,64,189250
12.0799,64,189250
12.0851,64,189250
12.0899,64,189250
12.0949,64,189250
12.0999,64,189250
12.1049,64,189250
12.1099,64,189250
12.1149,64,189250
12.1199,64,189250
12.1249,64,189250
12.1299,64,189250
12.1349,64,189250
12.1399,64,189250
12.1449,64,189250
12.1499,64,189250
12.1549,63,186222
12.1599,63,187736
12.1649,63,187736
12.1699,63,187736
12.1748,63,187736
12.1799,63,187736
12.1849,63,187736
12.1899,63,187736
12.1950,63,187736
12.2015,63,187736
12.2062,64,190764
12.2103,64,190764
12.2149,64,190764
12.2203,63,187736
12.2249,64,190764
12.2299,63,187736
12.2349,63,187736
12.2399,63,187736
12.2450,63,187736
12.2499,63,187736
12.2549,63,187736
12.2599,63,187736
12.2649,63,187736
12.2699,64,190764
12.2749,64,190764
12.2799,64,190764
12.2849,64,190764
12.2900,64,190764
12.2949,64,190764
12.2999,64,190764
12.3049,63,187736
12.3099,63,187736
12.3149,64,190764
12.3199,64,189250
12.3249,64,189250
12.3299,63,186222
12.3353,63,184708
12.3399,63,183194
12.3449,63,183194
12.3499,63,181680
12.3549,63,180166
12.3599,63,180166
12.3649,63,180166
12.3699,63,180166
12.3755,62,175624
12.3799,0,0
12.3849,0,0
12.3899,63,175624
12.3949,62,172596
12.3999,62,171082
12.4049,62,169568
12.4099,63,169568
12.4149,63,168054
12.4199,63,166540
12.4249,63,166540
12.4299,64,168054
12.4349,64,166540
12.4399,64,165026
12.4449,64,165026
12.4499,64,163512
12.4549,63,160484
12.4599,63,158970
12.4649,63,158970
12.4700,63,157456
12.4749,63,157456
12.4799,63,155942
12.4849,63,154428
12.4899,63,154428
12.4949,63,152914
12.4999,63,151400
12.5049,63,151400
12.5099,64,152914
12.5149,64,151400
12.5199,64,149886
12.5249,64,149886
12.5299,64,148372
12.5349,64,146858
12.5399,63,142316
12.5449,63,140802
12.5511,63,139288
12.5557,63,137774
12.5599,63,137774
12.5649,63,137774
12.5699,63,136260
12.5749,63,136260
12.5799,63,134746
12.5863,62,131718
12.5905,63,133232
12.5952,63,131718
12.5999,62,128690
12.6055,62,127176
12.6099,62,127176
12.6149,63,128690
12.6199,63,127176
12.6249,62,125662
12.6299,62,124148
12.6356,60,121120
12.6403,60,121120
12.6449,60,124148
12.6498,60,124148
12.6549,60,124148
12.6599,60,125662
12.6649,59,124148
12.6699,59,125662
12.6749,59,125662
12.6802,58,125662
12.6849,57,125662
12.6899,55,122634
12.6949,56,125662
12.6998,55,124148
12.7049,55,127176
12.7099,55,125662
12.7149,55,125662
12.7199,55,124148
12.7249,55,124148
12.7299,55,124148
12.7349,56,125662
12.7399,57,128690
12.7449,56,125662
12.7499,57,128690
12.7549,57,127176
12.7599,56,127176
12.7649,57,127176
12.7699,57,127176
12.7749,56,125662
12.7799,56,125662
12.7856,56,127176
12.7902,55,124148
12.7949,56,127176
12.7999,56,125662
12.8049,57,128690
12.8099,57,127176
12.8149,56,125662
12.8199,58,130204
12.8249,57,127176
12.8299,58,130204
12.8349,58,128690
12.8399,58,128690
12.8449,59,128690
12.8499,58,127176
12.8549,59,127176
12.8599,61,128690
12.8649,64,133232
12.8698,63,130204
12.8749,64,130204
12.8799,64,127246
12.8853,64,127246
12.8899,64,125732
12.8949,64,125732
12.8999,64,124218
12.9049,64,122704
12.9099,64,121190
12.9149,63,119676
12.9199,62,119676
12.9249,61,118162
12.9299,61,118162
12.9349,59,115134
12.9399,59,116648
12.9449,59,115134
12.9509,58,115134
12.9549,58,113620
12.9599,0,0
12.9649,57,112106
12.9699,0,0
12.9749,0,0
12.9799,54,107564
12.9849,54,107564
12.9899,54,107564
12.9949,53,106050
12.9999,53,104536
13.0049,53,104536
13.0099,53,103022
13.0149,52,99994
13.0199,52,99994
13.0249,52,98480
13.0308,52,99994
13.0349,50,95452
13.0399,51,96966
13.0449,51,95452
13.0499,51,95452
13.0554,52,95452
13.0599,51,93938
13.0649,51,93938
13.0699,50,92424
13.0749,49,90910
13.0799,49,89396
13.0849,48,89396
13.0899,47,87812
13.0949,47,86298
13.0999,46,84784
13.1049,45,83270
13.1099,46,83270
13.1149,46,81756
13.1199,46,80242
13.1249,46,78728
13.1299,47,80242
13.1349,47,78728
13.1399,47,78728
13.1449,47,77214
13.1499,47,75700
13.1549,47,75700
13.1599,46,72672
13.1650,45,72672
13.1699,45,72672
13.1749,43,71158
13.1799,0,0
13.1849,41,68130
13.1899,43,71158
13.1949,44,75700
13.1999,43,75700
13.2049,42,74186
13.2099,41,74186
13.2149,41,75700
13.2199,40,75700
13.2249,40,74186
13.2299,40,75700
13.2349,40,77214
13.2399,39,75700
13.2449,38,75700
13.2499,37,74186
13.2549,37,74186
13.2599,38,75700
13.2656,37,74186
13.2699,37,74186
13.2749,37,75700
13.2799,36,72672
13.2849,38,75700
13.2901,39,75700
13.2955,39,75700
13.3001,40,75700
13.3049,40,75700
13.3099,41,77214
13.3149,40,74186
13.3210,41,74186
13.3256,41,72672
13.3308,43,74186
13.3368,44,75700
13.3413,45,75700
13.3459,45,75700
13.3508,46,75700
13.3555,46,74186
13.3604,47,75700
13.3651,47,75700
13.3699,47,75700
13.3749,46,75700
13.3799,46,75700
13.3849,45,75700
13.3899,45,75700
13.3949,44,74186
13.3999,43,74186
13.4049,42,74186
13.4099,42,77214
13.4150,41,77214
13.4199,39,74186
13.4249,38,74186
13.4299,37,72672
13.4349,37,74186
13.4399,37,77214
13.4449,35,74186
13.4512,34,75700
13.4562,33,75700
13.4617,32,75700
13.4667,31,75700
13.4713,30,75700
13.4764,29,75700
13.4807,28,75700
13.4853,27,74186
13.4900,26,72672
13.4949,27,75700
13.4999,26,75700
13.5049,26,75700
13.5099,25,75700
13.5149,26,78728
13.5199,25,75700
13.5249,25,75700
13.5299,25,75700
13.5349,25,75700
13.5399,25,75700
13.5456,25,75700
13.5503,24,72672
13.5561,25,75700
13.5604,26,77214
13.5649,25,74186
13.5699,25,74186
13.5749,25,74186
13.5799,26,77214
13.5849,26,77214
13.5900,26,77214
13.5949,26,77214
13.5999,26,77214
13.6049,26,77214
13.6099,26,77214
13.6149,26,77214
13.6199,26,77214
13.6249,26,77214
13.6308,27,80242
13.6349,26,77214
13.6399,26,77214
13.6449,26,77214
13.6499,27,80242
13.6549,27,80242
13.6599,27,80242
13.6649,28,81756
13.6699,28,81756
13.6754,28,81756
13.6799,28,81756
13.6849,28,81756
13.6899,27,80242
13.6949,27,80242
13.6999,27,80242
13.7049,27,80242
13.7099,27,80242
13.7149,27,80242
13.7199,27,80242
13.7249,27,80242
13.7299,27,80242
13.7349,27,80242
13.7399,27,80242
13.7449,27,80242
13.7499,27,80242
13.7549,27,80242
13.7599,27,80242
13.7649,27,80242
13.7699,28,83270
13.7749,29,84784
13.7799,29,84784
13.7849,29,84784
13.7899,28,81756
13.7949,28,83270
13.7999,28,83270
13.8049,28,83270
13.8099,28,83270
13.8149,28,83270
13.8199,28,83270
13.8257,28,83270
13.8302,28,83270
13.8349,27,80242
13.8405,28,83270
13.8449,28,83270
13.8499,28,83270
13.8549,28,83270
13.8599,28,83270
13.8650,27,80242
13.8699,28,83270
13.8749,27,80242
13.8799,28,81756
13.8849,28,81756
13.8899,28,81756
13.8949,28,81756
13.9001,28,81756
13.9059,28,83270
13.9106,28,83270
13.9157,28,83270
13.9200,28,83270
13.9249,28,83270
13.9299,28,83270
13.9351,28,83270
13.9399,28,83270
13.9449,29,86298
13.9499,29,86298
13.9549,28,83270
13.9599,29,86298
13.9649,29,86298
13.9699,29,86298
13.9749,29,86298
13.9799,29,86298
13.9850,29,84784
13.9899,28,81756
13.9949,29,84784
13.9999,29,84784
14.0049,29,84784
14.0099,29,84784
14.0149,29,86298
14.0199,29,86298
14.0249,28,83270
14.0299,29,86298
14.0349,28,83270
14.0400,29,86298
14.0449,29,86298
14.0499,29,86298
14.0549,29,86298
14.0599,29,86298
14.0655,29,86298
14.0699,29,86298
14.0749,29,86298
14.0799,29,86298
14.0849,29,86298
14.0902,30,87812
14.0949,30,87812
14.0999,29,84784
14.1049,30,87812
14.1109,30,87812
14.1151,30,87812
14.1199,30,87812
14.1249,29,86298
14.1299,29,86298
14.1349,29,86298
14.1399,29,86298
14.1449,29,86298
14.1499,30,89326
14.1549,30,89326
14.1601,30,89326
14.1649,30,89326
14.1699,30,89326
14.1749,30,89326
14.1811,30,89326
14.1854,30,89326
14.1899,30,89326
14.1949,30,89326
14.1999,30,87812
14.2049,30,87812
14.2099,31,90840
14.2149,31,90840
14.2199,31,90840
14.2249,31,90840
14.2299,31,90840
14.2356,30,89326
14.2400,30,89326
14.2449,30,89326
14.2499,30,89326
14.2549,30,89326
14.2599,30,89326
14.2649,30,89326
14.2699,30,89326
14.2749,30,89326
14.2809,30,89326
14.2852,30,89326
14.2899,30,89326
14.2950,30,89326
14.2999,30,89326
14.3050,31,90840
14.3100,31,90840
14.3149,31,90840
14.3199,30,87812
14.3273,30,87812
14.3319,30,87812
14.3363,30,87812
14.3409,30,89326
14.3453,30,89326
14.3499,30,89326
14.3549,30,89326
14.3599,30,89326
14.3649,30,89326
14.3699,30,89326
14.3749,30,89326
14.3801,31,92354
14.3849,31,92354
14.3899,31,92354
14.3949,31,92354
14.3999,31,92354
14.4049,31,92354
14.4099,31,92354
14.4149,31,90840
14.4199,30,87812
14.4249,30,87812
14.4299,31,90840
14.4349,31,90840
14.4399,31,90840
14.4449,31,90840
14.4499,31,92354
14.4549,31,92354
14.4599,31,92354
14.4649,31,92354
14.4699,31,92354
14.4749,31,92354
14.4799,31,92354
14.4849,31,92354
14.4899,31,92354
14.4949,31,92354
14.4999,30,89326
14.5049,30,89326
14.5099,31,92354
14.5149,32,93868
14.5199,32,93868
14.5249,32,93868
14.5299,32,93868
14.5349,32,92354
14.5399,32,92354
14.5449,32,92354
14.5499,32,92354
14.5549,32,92354
14.5599,32,93868
14.5649,32,93868
14.5700,31,90840
14.5749,32,93868
14.5799,31,90840
14.5849,32,93868
14.5899,32,93868
14.5949,32,93868
14.5999,32,93868
14.6049,32,93868
14.6099,32,93868
14.6149,32,93868
14.6199,32,93868
14.6249,32,93868
14.6300,32,93868
14.6349,32,93868
14.6399,32,93868
14.6449,31,90840
14.6499,32,93868
14.6549,32,93868
14.6599,32,93868
14.6649,33,96896
14.6699,32,95382
14.6749,32,95382
14.6799,32,95382
14.6849,32,96896
14.6899,32,96896
14.6949,32,96896
14.6999,32,96896
14.7049,32,96896
14.7099,32,96896
14.7149,32,96896
14.7199,32,96896
14.7249,31,93868
14.7299,32,95382
14.7356,32,95382
14.7404,32,95382
14.7449,32,95382
14.7499,32,95382
14.7549,32,95382
14.7599,32,95382
14.7649,32,95382
14.7699,31,92354
14.7749,33,98410
14.7812,33,98410
14.7858,33,98410
14.7905,32,95382
14.7953,32,95382
14.7999,32,95382
14.8049,32,95382
14.8099,32,95382
14.8149,32,95382
14.8199,33,98410
14.8249,33,98410
14.8299,33,98410
14.8349,33,98410
14.8399,33,96896
14.8449,33,96896
14.8499,33,96896
14.8549,33,96896
14.8599,33,96896
14.8649,33,96896
14.8699,33,96896
14.8749,33,96896
14.8799,33,96896
14.8849,32,95382
14.8899,32,95382
14.8949,32,95382
14.8999,32,95382
14.9049,32,95382
14.9099,32,95382
14.9149,32,95382
14.9199,32,95382
14.9249,32,95382
14.9299,34,98480
14.9349,34,98480
14.9399,34,98480
14.9449,34,98480
14.9499,34,96966
14.9549,34,96966
14.9599,34,96966
14.9649,33,93938
14.9700,33,93938
14.9749,34,96966
14.9799,34,96966
14.9849,34,96966
14.9900,34,96966
14.9949,34,98480
14.9999,34,98480
15.0049,34,98480
15.0100,34,98480
15.0149,34,98480
15.0199,34,98480
15.0249,34,98480
15.0308,34,98480
15.0349,34,98480
15.0399,34,98480
15.0450,33,95452
15.0499,34,98480
15.0549,34,96966
15.0605,34,96966
15.0649,34,96966
15.0700,34,96966
15.0749,34,96966
15.0799,33,93938
15.0849,34,96966
15.0899,33,96896
15.0949,33,96896
15.0999,33,96896
15.1049,33,98410
15.1100,33,98410
15.1149,33,98410
15.1199,33,98410
15.1249,33,98410
15.1299,33,98410
15.1349,32,95382
15.1399,33,98410
15.1449,33,98410
15.1499,33,98410
15.1549,33,98410
15.1599,33,98410
15.1649,34,99924
15.1699,34,99924
15.1753,34,99924
15.1802,34,99924
15.1849,34,99924
15.1899,33,96896
15.1949,33,96896
15.1999,33,96896
15.2049,33,96896
15.2099,34,99924
15.2149,32,95382
15.2199,33,98410
15.2249,33,98410
15.2299,33,98410
15.2349,33,98410
15.2399,33,98410
15.2449,33,98410
15.2499,33,98410
15.2549,33,98410
15.2599,33,98410
15.2649,33,98410
15.2699,34,99924
15.2749,34,99924
15.2799,34,99924
15.2849,34,99924
15.2899,34,99924
15.2954,34,99924
15.2999,34,99924
15.3049,34,99924
15.3099,34,99924
15.3149,34,99924
15.3199,34,99924
15.3249,33,98410
15.3299,33,98410
15.3349,33,98410
15.3399,33,98410
15.3449,33,98410
15.3499,33,98410
15.3549,33,98410
15.3599,33,98410
15.3649,33,98410
15.3699,33,98410
15.3749,33,98410
15.3799,34,99924
15.3849,34,99924
15.3899,34,99924
15.3949,34,99924
15.3999,34,99924
15.4049,34,99924
15.4099,35,102952
15.4149,35,102952
15.4199,35,102952
15.4249,35,102952
15.4299,35,102952
15.4349,34,101438
15.4399,34,101438
15.4449,34,101438
15.4499,34,101438
15.4549,34,101438
15.4599,34,101438
15.4649,34,101438
15.4699,34,101438
15.4749,34,101438
15.4799,34,101438
15.4849,34,101438
15.4899,34,99924
15.4949,34,99924
15.4999,34,99924
15.5049,34,99924
15.5099,34,99924
15.5149,34,99924
15.5199,34,99924
15.5249,34,99924
15.5299,34,99924
15.5349,34,99924
15.5399,34,101438
15.5449,34,101438
15.5499,34,101438
15.5549,34,101438
15.5599,34,101438
15.5649,34,101438
15.5699,34,101438
15.5749,34,101438
15.5799,34,101438
15.5849,34,101438
15.5899,34,101438
15.5949,33,98410
15.5999,33,96896
15.6049,33,96896
15.6099,34,99924
15.6149,34,99924
15.6199,34,99924
15.6249,34,99924
15.6299,34,99924
15.6349,34,99924
15.6399,34,99924
15.6449,34,99924
15.6499,34,101438
15.6549,34,101438
15.6599,34,101438
15.6649,34,101438
15.6699,34,101438
15.6749,33,98410
15.6799,33,98410
15.6849,33,98410
15.6899,34,101438
15.6949,34,101438
15.6999,35,102952
15.7049,35,102952
15.7099,35,102952
15.7149,35,102952
15.7199,35,102952
15.7249,35,102952
15.7299,35,102952
15.7349,34,99924
15.7399,34,99924
15.7449,34,99924
15.7499,34,99924
15.7549,34,99924
15.7599,34,101438
15.7649,34,101438
15.7699,34,101438
15.7749,34,101438
15.7799,34,101438
15.7849,34,101438
15.7899,34,101438
15.7949,34,101438
15.7999,34,101438
15.8049,34,101438
15.8099,35,102952
15.8149,35,102952
15.8199,35,102952
15.8249,35,102952
15.8299,35,102952
15.8349,35,102952
15.8399,35,102952
15.8449,35,102952
15.8499,35,102952
15.8549,35,102952
15.8599,35,102952
15.8651,35,102952
15.8699,34,101438
15.8749,34,101438
15.8799,34,101438
15.8849,34,101438
15.8899,34,101438
15.8949,34,101438
15.8999,34,101438
15.9049,34,101438
15.9099,34,101438
15.9149,34,101438
15.9199,35,102952
15.9249,35,102952
15.9299,35,102952
15.9349,35,102952
15.9399,35,102952
15.9449,35,102952
15.9499,35,102952
15.9549,35,102952
15.9599,35,102952
15.9649,35,102952
15.9699,35,102952
15.9753,34,101438
15.9799,34,101438
15.9849,34,101438
15.9899,34,101438
15.9949,34,101438
15.9999,34,101438
16.0049,34,101438
16.0099,34,101438
16.0149,34,101438
16.0199,34,101438
16.0249,34,101438
16.0299,35,102952
16.0349,35,102952
16.0399,35,102952
16.0449,35,102952
16.0499,35,102952
16.0549,35,102952
16.0599,35,102952
16.0649,34,99924
16.0699,34,99924
16.0753,34,99924
16.0799,34,99924
16.0849,34,101438
16.0899,34,101438
16.0949,34,101438
16.0999,34,101438
16.1049,34,101438
16.1099,34,101438
16.1152,34,101438
16.1199,34,101438
16.1249,34,101438
16.1299,34,101438
16.1349,34,101438
16.1399,35,102952
16.1449,34,99924
16.1499,35,102952
16.1549,35,102952
16.1599,35,102952
16.1649,35,102952
16.1699,34,99924
16.1754,34,99924
16.1799,34,99924
16.1849,34,99924
16.1899,34,99924
16.1949,34,101438
16.1999,34,101438
16.2049,34,101438
16.2099,34,101438
16.2149,34,101438
16.2199,34,101438
16.2249,33,98410
16.2299,34,101438
16.2349,34,101438
16.2399,34,101438
16.2449,35,102952
16.2499,35,102952
16.2549,35,102952
16.2599,35,102952
16.2649,35,102952
16.2699,35,102952
16.2753,35,102952
16.2799,34,99924
16.2849,34,99924
16.2899,34,99924
16.2952,34,99924
16.2999,34,99924
16.3049,34,101438
16.3099,33,98410
16.3149,34,101438
16.3199,34,101438
16.3249,34,101438
16.3299,34,101438
16.3349,34,101438
16.3399,34,101438
16.3449,34,101438
16.3499,34,101438
16.3549,35,102952
16.3599,35,102952
16.3649,35,102952
16.3699,35,102952
16.3749,35,102952
16.3799,35,102952
16.3849,35,102952
16.3899,35,102952
16.3952,35,102952
16.3999,35,102952
16.4049,35,102952
16.4099,35,102952
16.4149,34,101438
16.4199,34,101438
16.4249,34,101438
16.4311,34,101438
16.4352,34,101438
16.4399,34,101438
16.4449,34,101438
16.4499,34,101438
16.4549,34,101438
16.4599,34,101438
16.4649,35,102952
16.4699,35,102952
16.4749,35,102952
16.4799,35,102952
16.4849,35,102952
16.4899,35,102952
16.4949,35,102952
16.4999,36,104466
16.5049,35,101438
16.5100,36,104466
16.5149,36,104466
16.5199,36,104466
16.5249,35,102952
16.5299,35,102952
16.5349,35,102952
16.5399,35,102952
16.5449,35,102952
16.5499,35,102952
16.5549,35,102952
16.5599,35,102952
16.5649,35,102952
16.5705,35,102952
16.5749,35,102952
16.5799,35,102952
16.5849,35,102952
16.5899,35,102952
16.5949,35,102952
16.5999,35,102952
16.6049,35,102952
16.6099,34,99924
16.6149,34,99924
16.6199,35,102952
16.6249,34,99924
16.6299,34,101438
16.6349,34,101438
16.6400,34,101438
16.6449,34,101438
16.6499,34,101438
16.6549,34,101438
16.6599,34,101438
16.6649,33,99924
16.6699,33,99924
16.6749,33,99924
16.6799,33,99924
16.6849,34,101438
16.6899,35,104466
16.6949,34,101438
16.6999,35,104466
16.7049,34,101438
16.7099,35,104466
16.7149,34,101438
16.7199,34,101438
16.7249,34,101438
16.7299,34,101438
16.7349,34,101438
16.7399,34,101438
16.7449,34,101438
16.7500,35,104466
16.7549,35,104466
16.7599,35,104466
16.7649,34,101438
16.7700,34,101438
16.7749,34,101438
16.7802,34,101438
16.7849,34,101438
16.7899,34,101438
16.7949,34,99924
16.7999,34,99924
16.8049,34,99924
16.8099,34,99924
16.8149,34,99924
16.8199,34,99924
16.8249,34,99924
16.8298,34,99924
16.8349,34,99924
16.8399,35,102952
16.8450,34,99924
16.8499,34,101438
16.8555,34,101438
16.8599,33,98410
16.8649,34,101438
16.8699,34,101438
16.8749,34,101438
16.8799,34,101438
16.8849,34,101438
16.8899,34,101438
16.8949,34,101438
16.8999,35,102952
16.9049,35,102952
16.9099,35,102952
16.9149,35,102952
16.9199,35,102952
16.9249,35,102952
16.9299,35,102952
16.9349,34,99924
16.9399,35,102952
16.9449,35,102952
16.9499,35,102952
16.9549,35,102952
16.9599,34,101438
16.9649,34,101438
16.9699,34,101438
16.9749,34,101438
16.9799,34,101438
16.9849,34,101438
16.9899,34,101438
16.9949,34,101438
16.9999,34,101438
17.0049,34,101438
17.0099,35,102952
17.0149,35,102952
17.0199,35,102952
17.0255,35,102952
17.0303,35,102952
17.0349,35,102952
17.0399,35,102952
17.0449,35,102952
17.0499,35,102952
17.0553,35,102952
17.0599,35,102952
17.0649,35,102952
17.0699,34,101438
17.0749,34,101438
17.0799,34,101438
17.0849,34,101438
17.0898,34,101438
17.0949,34,101438
17.0999,34,101438
17.1049,34,101438
17.1099,34,101438
17.1149,34,101438
17.1199,35,102952
17.1249,35,102952
17.1299,35,102952
17.1349,35,102952
17.1399,35,102952
17.1449,35,102952
17.1505,34,99924
17.1553,34,99924
17.1601,34,99924
17.1649,34,99924
17.1699,34,99924
17.1749,34,101438
17.1799,34,101438
17.1849,34,101438
17.1899,34,101438
17.1949,34,101438
17.1999,34,101438
17.2049,34,101438
17.2099,34,101438
17.2159,34,101438
17.2215,34,101438
17.2270,35,102952
17.2309,35,102952
17.2351,34,99924
17.2399,35,102952
17.2449,35,102952
17.2499,35,102952
17.2549,35,102952
17.2599,34,99924
17.2649,34,99924
17.2699,34,99924
17.2753,34,99924
17.2799,34,99924
17.2849,34,101438
17.2899,33,98410
17.2949,34,101438
17.2999,34,101438
17.3049,34,101438
17.3099,33,98410
17.3149,33,98410
17.3199,33,98410
17.3249,34,101438
17.3299,34,101438
17.3349,35,102952
17.3399,35,102952
17.3449,35,102952
17.3499,35,102952
17.3549,35,102952
17.3599,35,102952
17.3649,35,102952
17.3699,35,101438
17.3749,35,101438
17.3799,35,101438
17.3849,35,101438
17.3899,35,101438
17.3949,34,99924
17.3999,35,102952
17.4049,35,102952
17.4099,35,102952
17.4149,35,102952
17.4199,35,102952
17.4249,35,102952
17.4299,35,102952
17.4349,35,102952
17.4399,35,102952
17.4449,35,102952
17.4499,35,102952
17.4549,35,102952
17.4599,35,102952
17.4649,35,102952
17.4699,35,102952
17.4749,35,102952
17.4800,35,102952
17.4849,35,102952
17.4899,35,102952
17.4949,35,102952
17.4999,34,101438
17.5054,34,101438
17.5099,34,101438
17.5149,34,101438
17.5199,34,101438
17.5249,34,101438
17.5300,34,101438
17.5349,34,102952
17.5399,33,99924
17.5449,33,99924
17.5499,33,99924
17.5556,34,101438
17.5599,34,101438
17.5649,34,101438
17.5700,34,101438
17.5749,34,101438
17.5800,34,101438
17.5861,34,101438
17.5902,34,101438
17.5949,34,101438
17.5999,34,101438
17.6049,34,101438
17.6099,34,101438
17.6149,34,101438
17.6199,33,98410
17.6249,35,104466
17.6300,35,104466
17.6349,34,101438
17.6399,35,104466
17.6449,35,104466
17.6500,35,104466
17.6549,35,104466
17.6599,35,104466
17.6649,35,102952
17.6699,35,102952
17.6749,35,102952
17.6810,34,99924
17.6849,35,102952
17.6899,35,102952
17.6949,35,102952
17.6999,35,102952
17.7049,34,99924
17.7100,34,99924
17.7149,34,99924
17.7199,34,101438
17.7249,34,101438
17.7299,34,101438
17.7349,34,101438
17.7399,34,101438
17.7449,34,101438
17.7500,34,101438
17.7554,34,101438
17.7599,34,101438
17.7650,34,101438
17.7700,34,101438
17.7749,35,102952
17.7799,34,99924
17.7849,35,102952
17.7899,35,102952
17.7949,35,102952
17.7999,35,102952
17.8049,34,99924
17.8099,34,99924
17.8149,34,99924
17.8199,34,99924
17.8249,34,99924
17.8299,34,101438
17.8349,34,101438
17.8399,34,101438
17.8449,34,101438
17.8499,34,101438
17.8549,34,101438
17.8599,34,101438
17.8649,33,98410
17.8699,34,101438
17.8749,34,101438
17.8799,35,102952
17.8849,35,102952
17.8899,35,102952
17.8949,35,102952
17.8999,35,102952
17.9049,35,102952
17.9099,35,102952
17.9149,34,99924
17.9199,34,99924
17.9249,34,99924
17.9299,34,99924
17.9349,34,99924
17.9399,34,101438
17.9449,34,101438
17.9499,34,101438
17.9549,33,98410
17.9599,34,101438
17.9649,34,101438
17.9699,34,101438
17.9749,34,101438
17.9799,34,101438
17.9849,34,101438
17.9899,35,102952
17.9949,35,102952
17.9999,35,102952
18.0049,35,102952
18.0099,35,102952
18.0149,35,102952
18.0199,35,102952
18.0249,35,102952
18.0299,35,102952
18.0355,35,102952
18.0399,35,102952
18.0449,35,102952
18.0499,34,101438
18.0549,34,101438
18.0599,34,101438
18.0649,34,101438
18.0699,34,101438
18.0749,34,101438
18.0799,34,101438
18.0849,34,101438
18.0899,34,101438
18.0949,34,101438
18.0999,35,102952
18.1049,35,102952
18.1099,35,102952
18.1149,35,102952
18.1199,35,102952
18.1249,35,102952
18.1299,35,102952
18.1349,35,102952
18.1399,35,102952
18.1449,35,102952
18.1499,35,102952
18.1549,35,102952
18.1599,34,101438
18.1649,34,101438
18.1699,34,101438
18.1749,34,101438
18.1799,34,101438
18.1856,34,101438
18.1899,34,101438
18.1949,34,101438
18.1999,34,101438
18.2049,34,101438
18.2099,35,102952
18.2149,34,99924
18.2205,35,102952
18.2249,35,102952
18.2299,35,102952
18.2355,35,102952
18.2410,35,102952
18.2453,35,102952
18.2506,35,102952
18.2549,35,102952
18.2599,35,102952
18.2649,35,104466
18.2699,35,104466
18.2749,35,104466
18.2799,35,104466
18.2849,35,104466
18.2899,35,104466
18.2949,35,104466
18.2999,35,104466
18.3049,35,104466
18.3099,35,104466
18.3149,35,104466
18.3203,34,99924
18.3249,34,99924
18.3299,34,99924
18.3349,35,102952
18.3399,35,102952
18.3449,35,102952
18.3499,34,99924
18.3549,35,102952
18.3599,35,102952
18.3649,35,102952
18.3699,35,102952
18.3749,35,104466
18.3799,35,104466
18.3848,35,104466
18.3899,35,104466
18.3957,35,104466
18.4001,34,101438
18.4049,34,101438
18.4099,35,104466
18.4149,35,104466
18.4199,35,104466
18.4249,35,102952
18.4299,35,102952
18.4349,35,102952
18.4398,35,102952
18.4449,35,102952
18.4499,35,102952
18.4549,35,102952
18.4599,34,99924
18.4649,35,102952
18.4699,35,102952
18.4749,35,102952
18.4802,35,102952
18.4849,34,101438
18.4899,35,104466
18.4949,35,104466
18.4999,35,104466
18.5049,35,104466
18.5099,35,104466
18.5149,35,104466
18.5199,35,104466
18.5249,35,104466
18.5299,35,104466
18.5349,35,102952
18.5399,35,102952
18.5449,35,102952
18.5499,35,102952
18.5549,35,102952
18.5599,35,102952
18.5649,35,102952
18.5699,36,105980
18.5749,36,105980
18.5803,36,105980
18.5849,36,105980
18.5899,36,105980
18.5949,35,104466
18.5999,35,104466
18.6049,35,104466
18.6099,35,104466
18.6149,35,104466
18.6199,35,104466
18.6249,35,104466
18.6299,35,104466
18.6354,35,104466
18.6399,36,105980
18.6449,36,105980
18.6499,36,105980
18.6549,36,105980
18.6599,36,105980
18.6649,36,105980
18.6699,35,102952
18.6761,35,102952
18.6807,35,102952
18.6860,35,102952
18.6906,35,102952
18.6953,36,105980
18.6999,36,105980
18.7049,35,104466
18.7099,35,104466
18.7149,35,104466
18.7199,35,104466
18.7251,35,104466
18.7299,35,104466
18.7349,35,104466
18.7399,35,104466
18.7449,35,104466
18.7499,36,105980
18.7549,36,105980
18.7599,36,105980
18.7649,36,105980
18.7699,36,105980
18.7749,36,105980
18.7799,36,105980
18.7849,36,105980
18.7899,36,105980
18.7949,36,105980
18.7999,35,102952
18.8049,35,102952
18.8099,35,104466
18.8156,35,104466
18.8200,35,104466
18.8249,35,104466
18.8299,35,104466
18.8349,35,104466
18.8399,35,104466
18.8449,35,104466
18.8499,36,107494
18.8549,36,107494
18.8600,36,105980
18.8649,36,105980
18.8699,35,102952
18.8749,35,102952
18.8799,36,105980
18.8849,36,105980
18.8899,36,105980
18.8952,35,102952
18.8999,36,105980
18.9049,36,105980
18.9099,36,105980
18.9149,36,105980
18.9199,36,107494
18.9249,36,107494
18.9299,36,107494
18.9349,36,107494
18.9399,36,107494
18.9449,36,107494
18.9500,35,104466
18.9549,35,104466
18.9600,36,107494
18.9649,36,105980
18.9703,36,105980
18.9749,36,105980
18.9800,36,105980
18.9849,36,105980
18.9904,36,105980
18.9949,36,105980
18.9999,36,105980
19.0049,35,102952
19.0099,36,105980
19.0149,36,105980
19.0199,36,105980
19.0249,37,109008
19.0300,35,104466
19.0349,35,104466
19.0399,36,107494
19.0449,36,107494
19.0499,36,107494
19.0549,36,107494
19.0599,36,107494
19.0649,36,107494
19.0699,36,107494
19.0749,36,105980
19.0799,36,105980
19.0849,36,105980
19.0899,36,105980
19.0949,36,105980
19.0999,36,105980
19.1049,37,109008
19.1099,37,109008
19.1153,38,110522
19.1199,38,110522
19.1257,38,110522
19.1299,38,110522
19.1349,38,110522
19.1399,37,109008
19.1449,37,109008
19.1499,37,109008
19.1549,37,109008
19.1599,37,109008
19.1649,37,109008
19.1699,37,109008
19.1749,37,109008
19.1799,37,109008
19.1849,37,109008
19.1899,37,109008
19.1949,37,109008
19.1999,37,109008
19.2049,37,109008
19.2099,37,109008
19.2149,37,109008
19.2199,37,109008
19.2249,37,109008
19.2299,37,109008
19.2349,37,109008
19.2399,37,109008
19.2449,37,109008
19.2499,36,107494
19.2549,36,107494
19.2599,36,107494
19.2649,36,107494
19.2699,36,107494
19.2749,36,107494
19.2799,36,107494
19.2849,36,107494
19.2899,36,107494
19.2949,36,107494
19.2999,36,107494
19.3049,36,107494
19.3099,36,107494
19.3155,36,107494
19.3199,37,110522
19.3254,36,107494
19.3299,36,107494
19.3349,36,107494
19.3399,37,110522
19.3449,37,110522
19.3501,37,110522
19.3549,37,110522
19.3600,37,110522
19.3649,37,110522
19.3699,37,110522
19.3751,37,110522
19.3803,37,110522
19.3849,37,110522
19.3899,37,110522
19.3949,38,112036
19.3999,38,112036
19.4049,38,112036
19.4099,38,112036
19.4149,38,112036
19.4199,37,109008
19.4249,37,109008
19.4299,37,109008
19.4349,37,109008
19.4399,37,109008
19.4449,37,109008
19.4499,37,109008
19.4549,37,109008
19.4600,37,109008
19.4649,37,110522
19.4699,37,110522
19.4749,37,110522
19.4799,37,110522
19.4849,37,110522
19.4899,36,107494
19.4949,37,110522
19.5008,38,112036
19.5052,38,112036
19.5099,38,112036
19.5149,38,112036
19.5199,38,112036
19.5252,38,112036
19.5299,38,112036
19.5349,38,112036
19.5399,38,112036
19.5450,38,112036
19.5499,37,109008
19.5549,37,109008
19.5599,37,109008
19.5649,37,109008
19.5707,38,112036
19.5752,36,107494
19.5799,36,107494
19.5849,37,110522
19.5899,37,110522
19.5949,37,110522
19.6000,37,110522
19.6048,38,113550
19.6099,38,112036
19.6149,38,112036
19.6199,38,112036
19.6249,38,112036
19.6299,38,112036
19.6349,38,112036
19.6399,38,112036
19.6449,38,112036
19.6499,38,112036
19.6549,38,112036
19.6601,39,115064
19.6658,39,115064
19.6704,39,115064
19.6748,39,115064
19.6799,39,115064
19.6849,38,113550
19.6899,38,113550
19.6949,38,113550
19.6999,38,113550
19.7049,38,113550
19.7099,38,113550
19.7149,38,113550
19.7201,38,112036
19.7249,38,112036
19.7309,38,112036
19.7355,38,112036
19.7412,39,115064
19.7455,39,115064
19.7499,39,115064
19.7549,39,115064
19.7599,39,115064
19.7649,39,115064
19.7699,39,115064
19.7749,39,115064
19.7799,38,112036
19.7856,38,112036
19.7900,39,115064
19.7949,38,113550
19.8003,38,113550
19.8049,38,113550
19.8099,38,113550
19.8149,38,113550
19.8199,38,113550
19.8249,39,115064
19.8299,39,115064
19.8349,39,115064
19.8399,39,115064
19.8449,39,115064
19.8499,39,115064
19.8549,39,115064
19.8599,39,115064
19.8649,39,115064
19.8699,39,115064
19.8749,39,115064
19.8799,40,118092
19.8849,39,115064
19.8899,39,115064
19.8949,39,115064
19.8999,39,116578
19.9049,39,116578
19.9099,39,116578
19.9149,39,116578
19.9199,39,116578
19.9249,39,116578
19.9301,39,116578
19.9349,39,115064
19.9399,39,115064
19.9449,39,115064
19.9499,39,115064
19.9549,39,115064
19.9599,39,115064
19.9649,38,112036
19.9699,38,112036
19.9749,39,115064
19.9799,40,118092
19.9849,40,116578
19.9899,40,116578
19.9949,40,116578
19.9999,40,116578
20.0049,40,116578
20.0099,40,118092
20.0149,40,118092
20.0200,40,118092
20.0249,40,118092
20.0299,40,118092
20.0349,40,118092
20.0399,39,115064
20.0450,39,115064
20.0499,39,115064
20.0549,40,118092
20.0599,40,118092
20.0649,40,118092
20.0699,40,118092
20.0749,40,118092
20.0800,40,118092
20.0849,40,118092
20.0900,40,118092
20.0949,39,115064
20.0999,40,118092
20.1049,40,118092
20.1100,40,118092
20.1149,40,118092
20.1199,40,119606
20.1249,39,116578
20.1307,40,119606
20.1349,40,119606
20.1399,40,119606
20.1449,40,118092
20.1500,40,118092
20.1549,40,118092
20.1600,41,121120
20.1649,41,121120
20.1699,41,121120
20.1749,41,122634
20.1799,41,122634
20.1849,41,122634
20.1899,41,122634
20.1949,40,119606
20.1999,40,119606
20.2049,40,119606
20.2111,40,119606
20.2154,40,119606
20.2199,40,119606
20.2249,40,119606
20.2299,40,119606
20.2349,40,119606
20.2399,40,119606
20.2449,40,119606
20.2499,41,121120
20.2549,41,121120
20.2599,40,118092
20.2649,41,121120
20.2699,41,121120
20.2749,41,121120
20.2799,41,121120
20.2849,42,124148
20.2899,42,124148
20.2949,42,124148
20.2999,42,124148
20.3050,42,124148
20.3099,42,124148
20.3149,42,124148
20.3199,42,124148
20.3249,41,121120
20.3303,42,124148
20.3349,42,124148
20.3399,41,122634
20.3449,41,122634
20.3499,41,122634
20.3549,42,124148
20.3599,42,124148
20.3649,42,124148
20.3699,42,124148
20.3750,42,124148
20.3806,42,124148
20.3872,42,124148
20.3922,42,124148
20.3968,42,124148
20.4010,41,121120
20.4053,42,124148
20.4099,42,124148
20.4149,42,124148
20.4199,42,124148
20.4249,42,124148
20.4299,43,127176
20.4349,42,124148
20.4399,42,124148
20.4449,42,125662
20.4508,42,125662
20.4552,42,125662
20.4599,42,125662
20.4649,42,124148
20.4699,42,124148
20.4749,42,124148
20.4799,42,124148
20.4849,42,124148
20.4899,43,127176
20.4949,43,127176
20.5000,43,127176
20.5049,43,127176
20.5100,43,127176
20.5149,43,127176
20.5199,43,127176
20.5249,43,127176
20.5299,42,124148
20.5349,42,124148
20.5400,42,124148
20.5471,43,127176
20.5516,43,127176
20.5559,41,122634
20.5604,43,128690
20.5650,43,128690
20.5699,43,127176
20.5749,43,127176
20.5799,43,127176
20.5849,42,124148
20.5899,42,124148
20.5949,43,127176
20.5999,43,127176
20.6049,43,127176
20.6099,43,127176
20.6149,43,127176
20.6199,43,127176
20.6249,44,130204
20.6299,44,130204
20.6349,44,130204
20.6399,43,127176
20.6449,43,127176
20.6499,43,127176
20.6549,43,127176
20.6601,43,127176
20.6649,42,125662
20.6699,44,130204
20.6749,44,130204
20.6799,44,130204
20.6849,44,130204
20.6899,44,130204
20.6949,44,130204
20.6999,44,130204
20.7049,44,130204
20.7099,44,130204
20.7149,44,130204
20.7199,44,130204
20.7249,44,130204
20.7299,44,130204
20.7349,44,130204
20.7399,44,130204
20.7449,44,130204
20.7499,43,127176
20.7549,44,130204
20.7599,45,133232
20.7649,45,133232
20.7699,45,133232
20.7749,45,133232
20.7799,45,133232
20.7849,45,133232
20.7899,45,133232
20.7949,45,133232
20.7999,45,133232
20.8049,45,133232
20.8100,45,133232
20.8149,45,133232
20.8199,45,133232
20.8249,45,133232
20.8300,45,133232
20.8349,45,133232
20.8399,45,133232
20.8449,45,133232
20.8499,45,133232
20.8549,45,133232
20.8600,46,136260
20.8649,46,136260
20.8710,45,133232
20.8769,45,133232
20.8812,45,134746
20.8854,45,133232
20.8899,45,133232
20.8949,45,133232
20.8999,46,136260
20.9056,46,136260
20.9101,46,136260
20.9149,46,136260
20.9199,46,136260
20.9249,46,136260
20.9308,46,136260
20.9350,46,136260
20.9399,46,136260
20.9449,46,136260
20.9499,46,136260
20.9549,46,136260
20.9606,45,133232
20.9649,46,136260
20.9699,47,139288
20.9749,46,136260
20.9799,46,136260
20.9849,46,136260
20.9899,46,136260
20.9949,46,136260
20.9999,46,136260
21.0049,46,136260
21.0099,46,136260
21.0149,46,136260
21.0199,47,139288
21.0249,47,139288
21.0299,47,139288
21.0349,47,139288
21.0399,47,139288
21.0449,47,139288
21.0499,47,139288
21.0549,46,136260
21.0599,46,136260
21.0649,47,139288
21.0699,47,139288
21.0749,46,136260
21.0799,47,139288
21.0849,47,139288
21.0899,47,139288
21.0949,47,137774
21.0999,47,139288
21.1049,47,139288
21.1099,47,139288
21.1149,47,139288
21.1199,47,139288
21.1249,46,136260
21.1299,46,136260
21.1349,46,136260
21.1399,48,142316
21.1449,47,139288
21.1499,48,142316
21.1549,48,142316
21.1599,48,142316
21.1649,48,142316
21.1699,48,142316
21.1749,48,142316
21.1799,48,142316
21.1849,47,139288
21.1899,47,139288
21.1949,48,142316
21.1999,48,140802
21.2049,48,140802
21.2099,48,142316
21.2149,48,142316
21.2213,48,142316
21.2258,48,142316
21.2301,48,142316
21.2349,48,142316
21.2400,49,145344
21.2449,49,145344
21.2499,49,145344
21.2549,49,145344
21.2599,49,145344
21.2649,49,145344
21.2699,49,145344
21.2749,49,145344
21.2799,49,145344
21.2849,49,145344
21.2899,49,145344
21.2949,48,142316
21.2999,50,146858
21.3049,50,146858
21.3099,50,146858
21.3149,50,146858
21.3199,49,145344
21.3250,49,145344
21.3304,49,145344
21.3348,49,145344
21.3399,49,145344
21.3449,50,148372
21.3511,50,148372
21.3555,50,148372
21.3611,50,148372
21.3655,50,148372
21.3701,50,148372
21.3749,50,148372
21.3799,50,148372
21.3849,50,148372
21.3899,50,148372
21.3949,50,148372
21.3999,50,148372
21.4049,51,149886
21.4099,51,149886
21.4149,51,149886
21.4199,51,149886
21.4249,51,149886
21.4299,50,148372
21.4354,50,148372
21.4399,51,151400
21.4449,51,151400
21.4499,51,151400
21.4549,51,151400
21.4599,51,151400
21.4649,51,151400
21.4699,51,151400
21.4753,50,148372
21.4809,51,151400
21.4849,51,151400
21.4899,51,151400
21.4949,51,151400
21.4999,51,151400
21.5049,51,151400
21.5099,52,152914
21.5149,52,152914
21.5199,52,152914
21.5249,51,149886
21.5299,52,152914
21.5349,52,154428
21.5399,52,154428
21.5449,52,154428
21.5499,52,154428
21.5549,52,154428
21.5599,52,154428
21.5649,52,154428
21.5699,52,154428
21.5749,52,154428
21.5799,52,154428
21.5849,52,154428
21.5899,52,154428
21.5949,52,154428
21.5999,51,151400
21.6049,52,154428
21.6099,53,155942
21.6149,52,152914
21.6205,52,152914
21.6249,53,155942
21.6300,53,155942
21.6349,53,155942
21.6399,53,155942
21.6449,53,157456
21.6499,53,157456
21.6549,53,157456
21.6599,53,157456
21.6649,53,157456
21.6699,53,157456
21.6754,52,154428
21.6800,53,157456
21.6849,52,154428
21.6899,53,157456
21.6949,53,157456
21.6999,53,157456
21.7049,54,160484
21.7100,54,160484
21.7149,54,158970
21.7199,54,158970
21.7249,54,158970
21.7299,54,158970
21.7349,54,158970
21.7399,54,158970
21.7449,54,158970
21.7499,54,158970
21.7549,54,160484
21.7599,53,157456
21.7649,53,157456
21.7700,54,160484
21.7749,54,160484
21.7799,54,160484
21.7850,55,163512
21.7899,55,163512
21.7949,55,163512
21.7999,55,163512
21.8049,55,163512
21.8100,55,163512
21.8149,55,163512
21.8204,55,161998
21.8249,55,161998
21.8299,56,165026
21.8359,56,165026
21.8400,55,161998
21.8449,56,165026
21.8499,55,161998
21.8549,56,165026
21.8599,56,165026
21.8650,56,166540
21.8699,56,166540
21.8753,56,166540
21.8799,56,166540
21.8849,56,166540
21.8899,56,166540
21.8949,56,166540
21.8999,56,166540
21.9049,56,166540
21.9108,56,166540
21.9158,56,166540
21.9201,57,168054
21.9249,57,168054
21.9299,57,168054
21.9349,57,168054
21.9399,57,168054
21.9449,57,168054
21.9499,58,171082
21.9549,58,171082
21.9599,58,171082
21.9649,58,171082
21.9699,58,171082
21.9749,57,169568
21.9799,57,169568
21.9854,57,169568
21.9899,57,169568
21.9949,57,169568
21.9999,57,169568
22.0049,57,169568
22.0099,57,169568
22.0149,57,169568
22.0199,57,169568
22.0249,58,171082
22.0300,58,171082
22.0349,58,171082
22.0399,58,171082
22.0449,58,171082
22.0499,58,171082
22.0549,58,171082
22.0599,59,174110
22.0649,59,174110
22.0699,58,171082
22.0749,58,171082
22.0809,58,172596
22.0852,58,172596
22.0899,58,172596
22.0949,59,175624
22.0999,59,175624
22.1049,59,175624
22.1099,59,175624
22.1149,59,175624
22.1200,59,175624
22.1249,0,0
22.1304,0,0
22.1349,0,0
22.1399,0,0
22.1449,59,174110
22.1499,59,174110
22.1549,59,174110
22.1599,0,0
22.1649,59,174110
22.1699,0,0
22.1749,0,0
22.1799,0,0
22.1849,0,0
22.1901,60,178652
22.1949,60,178652
22.1999,60,178652
22.2049,60,178652
22.2099,60,178652
22.2149,59,175624
22.2199,60,178652
22.2254,61,180166
22.2299,61,180166
22.2349,61,180166
22.2398,61,180166
22.2449,61,180166
22.2499,61,180166
22.2549,61,180166
22.2599,61,180166
22.2649,61,180166
22.2699,61,180166
22.2749,0,0
22.2799,62,183194
22.2855,61,180166
22.2913,62,183194
22.2957,62,183194
22.3005,61,181680
22.3049,62,184708
22.3114,62,184708
22.3157,62,184708
22.3200,62,184708
22.3249,62,184708
22.3299,62,183194
22.3360,62,183194
22.3406,62,183194
22.3452,63,186222
22.3499,63,186222
22.3549,63,186222
22.3599,63,186222
22.3649,63,186222
22.3699,63,186222
22.3749,63,186222
22.3799,63,186222
22.3849,62,183194
22.3899,64,189250
22.3949,64,189250
22.3999,64,189250
22.4049,64,189250
22.4100,63,187736
22.4149,63,187736
22.4199,63,187736
22.4249,63,187736
22.4299,64,189250
22.4349,64,189250
22.4399,64,189250
22.4449,64,189250
22.4499,64,189250
22.4549,64,189250
22.4599,64,189250
22.4649,64,189250
22.4699,64,189250
22.4749,64,189250
22.4799,64,189250
22.4849,64,189250
22.4899,64,189250
22.4949,64,189250
22.4999,64,189250
22.5049,64,189250
22.5099,64,189250
22.5149,64,189250
22.5199,63,187736
22.5252,63,187736
22.5299,63,187736
22.5349,63,186222
22.5399,64,189250
22.5449,64,189250
22.5499,64,189250
22.5549,64,189250
22.5599,64,189250
22.5650,64,189250
22.5699,64,189250
22.5749,64,189250
22.5799,64,189250
22.5849,64,189250
22.5899,64,189250
22.5949,64,189250
22.5999,64,189250
22.6049,64,189250
22.6099,63,186222
22.6149,64,189250
22.6199,63,186222
22.6249,63,187736
22.6300,63,187736
22.6349,64,189250
22.6399,64,189250
22.6449,64,189250
22.6499,64,189250
22.6549,64,189250
22.6599,64,189250
22.6649,64,189250
22.6699,64,189250
22.6749,64,189250
22.6799,64,189250
22.6849,64,189250
22.6899,63,186222
22.6949,63,186222
22.7000,63,186222
22.7049,64,189250
22.7099,63,186222
22.7149,63,186222
22.7199,63,186222
22.7249,63,186222
22.7301,63,186222
22.7349,63,187736
22.7400,63,187736
22.7449,63,187736
22.7499,63,187736
22.7549,63,187736
22.7599,63,187736
22.7649,62,184708
22.7699,62,184708
22.7749,63,187736
22.7799,62,184708
22.7849,64,190764
22.7900,64,190764
22.7949,64,190764
22.7999,64,190764
22.8049,64,190764
22.8100,64,190764
22.8149,64,190764
22.8199,63,187736
22.8249,63,187736
22.8299,63,187736
22.8356,63,187736
22.8403,62,184708
22.8449,64,190764
22.8499,63,187736
22.8549,63,187736
22.8599,63,187736
22.8649,64,190764
22.8699,64,190764
22.8749,64,190764
22.8799,64,189250
22.8850,64,189250
22.8899,63,186222
22.8949,63,184708
22.8999,64,186222
22.9049,64,184708
22.9099,64,184708
22.9154,64,183194
22.9199,64,181680
22.9249,63,178652
22.9299,0,0
22.9348,0,0
22.9399,62,174110
22.9449,62,174110
22.9514,63,174110
22.9559,63,174110
22.9601,62,171082
22.9649,62,169568
22.9699,63,171082
22.9749,63,169568
22.9799,63,169568
22.9849,63,168054
22.9899,63,168054
22.9949,63,166540
23.0001,63,165026
23.0049,63,165026
23.0101,63,163512
23.0149,63,163512
23.0199,63,161998
23.0249,63,160484
23.0299,63,158970
23.0349,63,157456
23.0399,63,157456
23.0449,63,155942
23.0499,64,157456
23.0549,64,155942
23.0599,64,154428
23.0649,64,152914
23.0699,64,152914
23.0749,64,151400
23.0799,63,146858
23.0849,63,146858
23.0899,63,145344
23.0949,63,143830
23.0999,63,143830
23.1049,63,142316
23.1099,63,140802
23.1149,63,139288
23.1199,63,137774
23.1249,63,136260
23.1299,63,134746
23.1349,63,134746
23.1399,63,134746
23.1449,63,133232
23.1500,63,133232
23.1549,62,128690
23.1609,62,128690
23.1653,62,127176
23.1699,62,125662
23.1749,62,125662
23.1799,62,124148
23.1849,62,125662
23.1899,62,124148
23.1949,61,122634
23.1999,60,119606
23.2049,59,118092
23.2099,60,122634
23.2149,60,125662
23.2199,60,125662
23.2249,59,122634
23.2299,58,122634
23.2349,58,122634
23.2399,57,121120
23.2449,57,122634
23.2499,56,121120
23.2549,56,122634
23.2599,56,122634
23.2649,56,125662
23.2699,56,124148
23.2749,55,122634
23.2799,55,122634
23.2849,55,124148
23.2899,56,124148
23.2949,56,124148
23.3000,58,125662
23.3049,57,125662
23.3099,56,124148
23.3149,57,125662
23.3200,56,124148
23.3249,56,124148
23.3299,55,122634
23.3349,56,124148
23.3399,55,124148
23.3449,55,125662
23.3499,55,124148
23.3549,55,125662
23.3599,54,122634
23.3649,55,125662
23.3699,56,125662
23.3758,55,124148
23.3799,56,125662
23.3849,55,124148
23.3899,55,124148
23.3949,57,125662
23.3999,57,125662
23.4049,58,125662
23.4099,58,125662
23.4149,59,125662
23.4199,60,127176
23.4249,61,127176
23.4299,62,127176
23.4349,64,130204
23.4399,63,127176
23.4449,64,128690
23.4499,64,127176
23.4549,63,124148
23.4599,64,124148
23.4649,63,121120
23.4699,63,121120
23.4749,64,122634
23.4799,63,121120
23.4849,63,122634
23.4899,62,122634
23.4949,61,122634
23.4999,60,121120
23.5049,60,121120
23.5099,58,116578
23.5149,58,118092
23.5199,58,118092
23.5249,58,118092
23.5299,58,116578
23.5349,57,116578
23.5399,57,115064
23.5449,56,112036
23.5499,55,112036
23.5549,55,110522
23.5599,55,110522
23.5649,54,107494
23.5699,53,107494
23.5751,52,104466
23.5798,52,104466
23.5849,54,105980
23.5899,53,104466
23.5949,52,102952
23.5999,52,101438
23.6049,52,102952
23.6099,51,99924
23.6149,51,99924
23.6199,50,96896
23.6249,50,98410
23.6299,48,96896
23.6349,46,93868
23.6399,46,95382
23.6449,45,92354
23.6499,44,90840
23.6549,44,90840
23.6599,43,89326
23.6649,42,87812
23.6700,42,89326
23.6749,41,86298
23.6799,42,86298
23.6849,42,86298
23.6899,41,83270
23.6949,41,83270
23.7008,40,80242
23.7049,42,83270
23.7099,41,80242
23.7149,41,80242
23.7199,41,78728
23.7249,40,77214
23.7299,40,77214
23.7349,39,77214
23.7399,38,74186
23.7449,38,74186
23.7499,37,72672
23.7552,36,72672
23.7599,37,75700
23.7649,36,75700
23.7699,36,75700
23.7749,35,75700
23.7799,34,72672
23.7849,34,72672
23.7899,33,71158
23.7949,34,72672
23.7999,35,74186
23.8053,34,72672
23.8099,34,71158
23.8148,35,74186
23.8199,34,72672
23.8249,35,72672
23.8299,34,71158
23.8349,35,72672
23.8399,36,74186
23.8449,36,74186
23.8499,36,74186
23.8549,36,74186
23.8599,37,74186
23.8649,37,75700
23.8699,36,74186
23.8749,35,72672
23.8799,35,72672
23.8849,35,72672
23.8899,36,72672
23.8952,36,72672
23.8999,35,71158
23.9049,36,71158
23.9099,37,74186
23.9149,38,75700
23.9199,37,74186
23.9249,37,72672
23.9299,38,74186
23.9349,39,74186
23.9399,38,74186
23.9449,37,72672
23.9499,37,72672
23.9549,37,74186
23.9599,36,74186
23.9649,35,74186
23.9699,34,72672
23.9749,34,74186
23.9799,33,74186
23.9849,33,74186
23.9899,33,74186
23.9949,0,0
23.9999,32,72672
24.0049,32,74186
24.0099,31,72672
24.0149,31,72672
24.0199,31,74186
24.0249,29,71158
24.0299,30,75700
24.0349,30,75700
24.0399,29,75700
24.0449,28,75700
24.0499,27,75700
24.0549,26,74186
24.0599,25,71158
24.0649,25,72672
24.0699,25,75700
24.0749,25,75700
24.0799,25,75700
24.0849,25,75700
24.0899,0,0
24.0949,26,78728
24.0999,26,78728
24.1049,24,72672
24.1099,25,75700
24.1149,24,72672
24.1199,25,75700
24.1249,25,75700
24.1299,25,75700
24.1349,25,75700
24.1399,26,77214
24.1449,26,77214
24.1499,25,74186
24.1549,25,74186
24.1599,25,74186
24.1649,25,74186
24.1699,25,74186
24.1749,26,77214
24.1799,26,77214
24.1849,27,80242
24.1899,27,80242
24.1949,27,80242
24.1999,27,80242
24.2049,27,80242
24.2099,27,80242
24.2149,27,80242
24.2199,27,80242
24.2249,27,80242
24.2299,27,80242
24.2351,27,80242
24.2399,28,81756
24.2449,27,78728
24.2499,27,78728
24.2549,28,81756
24.2599,28,81756
24.2649,27,80242
24.2699,27,80242
24.2749,27,80242
24.2799,27,80242
24.2849,27,80242
24.2899,27,80242
24.2949,27,80242
24.3002,27,80242
24.3049,27,80242
24.3099,27,80242
24.3149,27,80242
24.3199,27,80242
24.3253,26,77214
24.3299,26,77214
24.3349,27,80242
24.3399,26,77214
24.3449,27,80242
24.3499,27,78728
24.3549,27,78728
24.3599,27,78728
24.3649,27,78728
24.3699,27,80242
24.3749,27,80242
24.3799,27,80242
24.3849,27,80242
24.3899,27,80242
24.3952,26,77214
24.4002,26,77214
24.4052,27,80242
24.4108,28,83270
24.4161,28,83270
24.4208,28,83270
24.4252,28,83270
24.4312,28,83270
24.4361,28,83270
24.4405,28,83270
24.4449,28,83270
24.4499,28,83270
24.4549,27,80242
24.4599,28,81756
24.4649,28,81756
24.4699,28,81756
24.4749,28,81756
24.4799,28,83270
24.4849,28,83270
24.4899,27,80242
24.4949,28,83270
24.4999,28,83270
24.5049,28,83270
24.5099,28,83270
24.5149,28,83270
24.5199,28,83270
24.5249,28,83270
24.5299,28,83270
24.5349,28,83270
24.5399,28,83270
24.5449,28,83270
24.5499,28,83270
24.5549,28,83270
24.5599,29,84784
24.5649,28,81756
24.5699,29,84784
24.5749,28,81756
24.5799,29,84784
24.5849,29,84784
24.5899,28,83270
24.5949,28,83270
24.5999,28,83270
24.6049,28,83270
24.6099,28,83270
24.6149,28,83270
24.6211,29,86298
24.6254,29,86298
24.6300,29,86298
24.6349,29,86298
24.6399,29,86298
24.6449,29,86298
24.6499,29,86298
24.6549,29,86298
24.6599,29,86298
24.6657,29,86298
24.6702,29,84784
24.6749,30,87812
24.6799,30,87812
24.6849,30,87812
24.6899,30,87812
24.6949,30,87812
24.6999,29,86298
24.7049,29,86298
24.7099,29,86298
24.7149,29,86298
24.7199,29,86298
24.7249,29,86298
24.7299,29,86298
24.7349,29,86298
24.7399,29,86298
24.7449,29,86298
24.7499,29,86298
24.7549,29,86298
24.7599,29,86298
24.7649,29,86298
24.7699,29,86298
24.7749,30,87812
24.7799,30,87812
24.7849,30,87812
24.7899,30,87812
24.7949,30,87812
24.7999,30,87812
24.8049,29,86298
24.8099,29,86298
24.8149,29,86298
24.8199,29,86298
24.8249,30,89326
24.8299,30,89326
24.8349,30,89326
24.8399,30,89326
24.8449,30,89326
24.8499,30,89326
24.8549,30,89326
24.8599,30,89326
24.8649,30,89326
24.8699,30,89326
24.8749,30,89326
24.8799,30,89326
24.8849,29,84784
24.8900,29,84784
24.8949,30,87812
24.8999,30,87812
24.9049,30,87812
24.9099,30,87812
24.9152,30,89326
24.9199,30,89326
24.9249,30,89326
24.9299,30,89326
24.9349,30,89326
24.9400,30,89326
24.9449,30,89326
24.9500,30,89326
24.9549,29,86298
24.9599,29,86298
24.9649,30,89326
24.9699,30,89326
24.9749,29,86298
24.9799,30,89326
24.9849,31,90840
24.9899,31,90840
24.9949,31,90840
24.9999,30,87812
25.0049,30,87812
25.0099,30,87812
25.0149,30,87812
25.0199,30,87812
25.0249,30,89326
25.0299,30,89326
25.0349,30,89326
25.0399,29,86298
25.0449,29,86298
25.0499,30,89326
25.0549,30,89326
25.0599,31,92354
25.0649,31,92354
25.0699,31,92354
25.0749,31,92354
25.0799,31,92354
25.0849,31,92354
25.0899,31,92354
25.0949,31,90840
25.0999,31,90840
25.1049,31,90840
25.1099,30,87812
25.1149,31,90840
25.1199,31,90840
25.1249,32,93868
25.1299,32,93868
25.1349,31,92354
25.1399,31,92354
25.1449,31,92354
25.1499,31,92354
25.1549,31,92354
25.1599,31,92354
25.1649,31,92354
25.1699,31,92354
25.1749,31,92354
25.1799,31,92354
25.1849,31,92354
25.1899,31,92354
25.1949,31,92354
25.1999,32,93868
25.2049,32,93868
25.2099,32,93868
25.2149,32,93868
25.2199,33,95382
25.2249,33,95382
25.2299,33,95382
25.2349,33,95382
25.2399,33,95382
25.2449,32,93868
25.2499,32,93868
25.2549,32,93868
25.2599,32,93868
25.2649,32,93868
25.2705,32,93868
25.2751,32,93868
25.2799,32,93868
25.2849,32,93868
25.2899,32,93868
25.2949,32,93868
25.2999,32,93868
25.3049,32,93868
25.3099,32,93868
25.3149,32,93868
25.3199,32,93868
25.3249,32,93868
25.3299,33,96896
25.3349,33,96896
25.3399,33,96896
25.3449,32,93868
25.3499,33,96896
25.3549,32,95382
25.3599,32,95382
25.3649,32,95382
25.3699,31,93868
25.3749,31,93868
25.3799,31,93868
25.3849,31,93868
25.3899,31,93868
25.3949,31,93868
25.3999,31,93868
25.4049,31,93868
25.4099,31,93868
25.4149,31,93868
25.4199,31,92354
25.4249,31,92354
25.4299,31,92354
25.4349,31,92354
25.4399,32,95382
25.4449,32,95382
25.4499,32,95382
25.4549,32,95382
25.4599,32,95382
25.4652,32,95382
25.4699,32,95382
25.4749,33,98410
25.4799,33,98410
25.4849,32,95382
25.4899,33,98410
25.4949,33,98410
25.4999,33,98410
25.5049,32,95382
25.5099,32,95382
25.5149,32,95382
25.5199,32,95382
25.5249,32,93868
25.5299,32,93868
25.5349,32,93868
25.5399,32,93868
25.5449,32,93868
25.5499,32,93868
25.5549,32,93868
25.5599,32,93868
25.5649,32,93868
25.5699,32,95382
25.5749,32,95382
25.5799,32,95382
25.5849,31,92354
25.5899,32,95382
25.5949,32,95382
25.5999,32,95382
25.6049,32,95382
25.6099,32,95382
25.6149,32,95382
25.6199,32,95382
25.6249,32,95382
25.6299,33,96896
25.6349,33,96896
25.6399,33,96896
25.6449,33,96896
25.6499,33,96896
25.6549,32,93868
25.6599,32,93868
25.6649,32,93868
25.6699,33,96896
25.6749,33,96896
25.6799,32,95382
25.6849,32,95382
25.6899,32,95382
25.6949,32,95382
25.6999,32,95382
25.7049,32,95382
25.7099,33,98410
25.7154,33,98410
25.7199,33,98410
25.7249,33,98410
25.7299,33,98410
25.7349,33,98410
25.7399,33,96896
25.7449,33,96896
25.7499,33,96896
25.7549,33,96896
25.7599,33,96896
25.7649,34,99924
25.7699,34,99924
25.7749,34,99924
25.7799,34,99924
25.7867,33,98410
25.7906,33,98410
25.7949,33,98410
25.7999,33,98410
25.8049,33,98410
25.8099,33,98410
25.8149,33,98410
25.8199,33,98410
25.8249,33,98410
25.8299,33,98410
25.8349,33,98410
25.8399,33,98410
25.8449,33,98410
25.8500,33,96896
25.8549,33,96896
25.8599,33,96896
25.8649,33,96896
25.8699,33,96896
25.8749,33,96896
25.8807,33,96896
25.8849,34,99924
25.8899,34,99924
25.8949,34,99924
25.8999,33,98410
25.9049,33,98410
25.9099,33,98410
25.9153,33,98410
25.9199,33,98410
25.9249,33,98410
25.9299,33,98410
25.9349,33,98410
25.9399,33,98410
25.9449,33,98410
25.9499,33,98410
25.9549,34,99924
25.9599,34,99924
25.9649,34,99924
25.9699,33,96896
25.9749,33,96896
25.9799,33,96896
25.9849,33,96896
25.9899,33,96896
25.9949,33,96896
25.9999,33,96896
26.0049,33,98410
26.0099,33,98410
26.0149,33,98410
26.0199,33,98410
26.0249,33,98410
26.0299,33,98410
26.0349,33,98410
26.0399,33,98410
26.0460,33,98410
26.0506,33,98410
26.0549,32,95382
26.0599,34,99924
26.0649,34,99924
26.0699,34,99924
26.0755,34,99924
26.0804,34,99924
26.0849,34,99924
26.0899,33,96896
26.0949,33,96896
26.0999,33,96896
26.1049,33,96896
26.1099,33,96896
26.1149,33,98410
26.1199,32,95382
26.1249,32,95382
26.1299,33,98410
26.1349,32,95382
26.1399,32,95382
26.1449,33,98410
26.1499,33,98410
26.1551,33,98410
26.1599,33,98410
26.1649,33,98410
26.1699,34,99924
26.1749,34,99924
26.1799,34,99924
26.1849,34,99924
26.1899,34,99924
26.1955,34,99924
26.2003,34,99924
26.2049,34,99924
26.2099,34,99924
26.2149,35,102952
26.2199,35,102952
26.2249,34,101438
26.2299,34,101438
26.2349,34,101438
26.2399,34,101438
26.2449,34,101438
26.2499,34,101438
26.2549,34,101438
26.2599,34,101438
26.2649,34,101438
26.2699,34,101438
26.2749,34,101438
26.2799,34,99924
26.2849,34,99924
26.2899,34,99924
26.2949,34,99924
26.2999,34,99924
26.3049,34,99924
26.3099,35,102952
26.3149,35,102952
26.3199,35,102952
26.3249,35,102952
26.3299,35,102952
26.3349,34,101438
26.3399,34,101438
26.3449,34,101438
26.3499,34,101438
26.3549,34,101438
26.3599,34,101438
26.3649,34,101438
26.3699,34,101438
26.3749,34,101438
26.3799,34,101438
26.3849,34,101438
26.3899,34,99924
26.3949,34,99924
26.3999,34,99924
26.4049,34,99924
26.4099,34,99924
26.4149,34,99924
26.4199,35,102952
26.4249,35,102952
26.4299,35,102952
26.4349,35,102952
26.4399,35,102952
26.4449,34,101438
26.4499,34,101438
26.4549,34,101438
26.4598,34,101438
26.4649,34,101438
26.4699,34,101438
26.4749,34,101438
26.4799,34,101438
26.4849,34,101438
26.4899,34,101438
26.4949,34,101438
26.4999,34,99924
26.5049,34,99924
26.5099,34,99924
26.5149,34,99924
26.5199,34,99924
26.5249,33,96896
26.5299,34,99924
26.5349,34,99924
26.5399,34,99924
26.5449,34,99924
26.5499,34,101438
26.5549,34,101438
26.5599,34,101438
26.5649,34,101438
26.5699,34,101438
26.5749,34,101438
26.5799,34,101438
26.5849,34,101438
26.5899,34,101438
26.5949,33,98410
26.5999,34,101438
26.6049,34,99924
26.6099,34,99924
26.6149,34,99924
26.6199,34,99924
26.6249,34,99924
26.6299,34,99924
26.6349,33,96896
26.6399,34,99924
26.6449,34,99924
26.6499,34,99924
26.6549,34,99924
26.6599,34,101438
26.6649,34,101438
26.6699,34,101438
26.6749,34,101438
26.6799,34,101438
26.6849,33,98410
26.6899,34,101438
26.6949,34,101438
26.6999,34,101438
26.7049,34,101438
26.7099,34,101438
26.7149,34,99924
26.7199,34,99924
26.7249,34,99924
26.7299,34,99924
26.7354,34,99924
26.7399,34,99924
26.7449,33,96896
26.7499,34,99924
26.7549,34,99924
26.7599,34,99924
26.7649,35,102952
26.7699,34,101438
26.7749,34,101438
26.7799,34,101438
26.7849,34,101438
26.7899,34,101438
26.7949,34,101438
26.7999,34,101438
26.8049,34,101438
26.8099,34,101438
26.8149,34,101438
26.8199,34,101438
26.8249,34,99924
26.8299,34,99924
26.8349,34,99924
26.8399,34,99924
26.8449,34,99924
26.8502,34,99924
26.8549,35,102952
26.8599,35,102952
26.8649,35,102952
26.8699,35,102952
26.8755,35,102952
26.8799,34,101438
26.8849,34,101438
26.8899,34,101438
26.8949,34,101438
26.8999,34,101438
26.9049,34,101438
26.9099,34,101438
26.9149,34,101438
26.9204,34,101438
26.9249,34,101438
26.9299,34,101438
26.9349,34,99924
26.9399,34,99924
26.9449,34,99924
26.9499,34,99924
26.9549,34,99924
26.9599,33,96896
26.9654,35,102952
26.9699,35,102952
26.9749,35,102952
26.9799,35,102952
26.9849,35,102952
26.9899,34,101438
26.9949,34,101438
26.9999,34,101438
27.0049,34,101438
27.0099,34,101438
27.0149,34,101438
27.0199,34,101438
27.0249,34,101438
27.0299,34,101438
27.0349,34,101438
27.0399,34,101438
27.0449,34,99924
27.0499,34,99924
27.0549,34,99924
27.0599,34,99924
27.0649,33,96896
27.0699,34,99924
27.0749,34,99924
27.0799,34,99924
27.0849,34,99924
27.0899,34,99924
27.0949,34,101438
27.0999,34,101438
27.1049,34,101438
27.1099,34,101438
27.1149,34,101438
27.1199,34,101438
27.1249,34,101438
27.1299,34,101438
27.1349,34,101438
27.1399,34,101438
27.1449,34,101438
27.1499,34,99924
27.1549,34,99924
27.1599,34,99924
27.1649,34,99924
27.1699,34,99924
27.1749,34,99924
27.1799,33,96896
27.1849,34,99924
27.1899,34,99924
27.1949,34,99924
27.2001,34,99924
27.2049,34,101438
27.2099,34,101438
27.2149,34,101438
27.2199,34,101438
27.2249,34,101438
27.2299,34,101438
27.2349,34,101438
27.2399,33,98410
27.2449,34,101438
27.2499,34,101438
27.2549,34,101438
27.2600,34,99924
27.2649,34,99924
27.2699,34,99924
27.2749,34,99924
27.2799,34,99924
27.2849,34,99924
27.2899,33,96896
27.2949,34,99924
27.3000,34,99924
27.3049,34,99924
27.3100,35,102952
27.3149,33,98410
27.3199,34,101438
27.3249,34,101438
27.3299,34,101438
27.3349,34,101438
27.3399,34,101438
27.3449,34,101438
27.3499,34,101438
27.3549,34,101438
27.3599,34,101438
27.3649,34,101438
27.3699,34,99924
27.3749,34,99924
27.3799,34,99924
27.3849,34,99924
27.3899,34,99924
27.3949,34,99924
27.3999,35,102952
27.4054,35,102952
27.4099,35,102952
27.4149,35,102952
27.4199,35,102952
27.4249,34,101438
27.4299,34,101438
27.4349,34,101438
27.4399,34,101438
27.4449,34,101438
27.4507,34,101438
27.4550,34,101438
27.4599,34,101438
27.4649,34,101438
27.4699,34,101438
27.4749,34,101438
27.4799,34,99924
27.4849,34,99924
27.4899,34,99924
27.4949,34,99924
27.4999,33,96896
27.5054,34,99924
27.5099,35,102952
27.5149,35,102952
27.5199,35,102952
27.5249,35,102952
27.5299,35,102952
27.5349,34,101438
27.5399,34,101438
27.5450,34,101438
27.5507,34,101438
27.5549,34,101438
27.5599,34,101438
27.5649,34,101438
27.5699,34,101438
27.5749,34,101438
27.5799,34,101438
27.5849,34,101438
27.5899,34,99924
27.5949,34,99924
27.5999,34,99924
27.6049,34,99924
27.6099,34,99924
27.6149,34,99924
27.6199,34,99924
27.6250,34,99924
27.6299,34,99924
27.6349,34,99924
27.6399,34,101438
27.6449,34,101438
27.6499,34,101438
27.6549,34,101438
27.6599,34,101438
27.6649,34,101438
27.6699,34,101438
27.6749,34,101438
27.6799,34,101438
27.6849,34,101438
27.6899,33,98410
27.6949,33,98410
27.6999,34,99924
27.7049,34,99924
27.7099,34,99924
27.7149,34,99924
27.7199,34,99924
27.7249,33,96896
27.7299,34,99924
27.7349,34,99924
27.7399,34,99924
27.7449,34,99924
27.7499,34,101438
27.7549,34,101438
27.7599,34,101438
27.7649,34,101438
27.7699,34,101438
27.7749,33,98410
27.7799,34,101438
27.7849,34,101438
27.7899,34,101438
27.7949,34,101438
27.7999,34,101438
27.8049,34,99924
27.8099,34,99924
27.8149,34,99924
27.8199,34,99924
27.8249,34,99924
27.8299,34,99924
27.8349,33,96896
27.8399,35,102952
27.8456,35,102952
27.8499,34,99924
27.8554,35,102952
27.8599,34,101438
27.8649,34,101438
27.8700,34,101438
27.8749,34,101438
27.8799,34,101438
27.8850,34,101438
27.8899,34,101438
27.8949,34,101438
27.8999,34,101438
27.9049,34,101438
27.9099,34,101438
27.9149,34,99924
27.9199,34,99924
27.9249,34,99924
27.9299,34,99924
27.9349,34,99924
27.9400,34,99924
27.9449,35,102952
27.9500,35,102952
27.9549,35,102952
27.9599,35,102952
27.9649,35,102952
27.9699,34,101438
27.9749,34,101438
27.9799,34,101438
27.9849,34,101438
27.9899,34,101438
27.9949,34,101438
27.9999,34,101438
28.0049,34,101438
28.0099,34,101438
28.0149,34,101438
28.0199,34,101438
28.0249,34,99924
28.0299,34,99924
28.0349,34,99924
28.0400,34,99924
28.0449,34,99924
28.0499,34,99924
28.0549,35,102952
28.0599,35,102952
28.0649,35,102952
28.0699,34,99924
28.0751,34,101438
28.0799,34,101438
28.0849,34,101438
28.0899,34,101438
28.0956,34,101438
28.0999,34,101438
28.1049,34,101438
28.1099,34,101438
28.1149,34,101438
28.1199,34,101438
28.1249,34,101438
28.1300,34,101438
28.1349,34,99924
28.1399,34,99924
28.1449,34,99924
28.1499,34,99924
28.1555,34,99924
28.1599,33,96896
28.1649,34,99924
28.1701,34,99924
28.1749,34,99924
28.1799,34,99924
28.1849,34,101438
28.1899,34,101438
28.1950,34,101438
28.1999,34,101438
28.2049,34,101438
28.2099,34,101438
28.2149,34,101438
28.2199,34,101438
28.2249,34,101438
28.2299,33,98410
28.2349,34,101438
28.2402,34,99924
28.2449,34,99924
28.2499,34,99924
28.2549,34,99924
28.2599,34,99924
28.2649,34,99924
28.2699,33,96896
28.2749,35,102952
28.2811,35,102952
28.2863,35,102952
28.2922,35,102952
28.2964,34,101438
28.3009,34,101438
28.3051,33,98410
28.3099,33,98410
28.3149,33,98410
28.3199,33,98410
28.3249,35,101480
28.3299,35,101480
28.3349,35,101480
28.3399,35,101480
28.3449,35,101480
28.3499,35,99966
28.3550,35,99966
28.3599,35,99966
28.3649,35,99966
28.3699,35,99966
28.3754,35,99966
28.3801,34,96938
28.3849,35,99966
28.3899,35,99966
28.3949,35,99966
28.4000,35,99966
28.4049,35,101480
28.4099,35,101480
28.4149,35,101480
28.4199,35,101480
28.4249,35,101480
28.4299,35,101480
28.4349,35,101480
28.4399,35,101480
28.4449,35,101480
28.4499,35,101480
28.4549,35,101480
28.4599,35,99966
28.4649,35,99966
28.4699,35,99966
28.4749,35,99966
28.4799,35,99966
28.4849,35,99966
28.4899,35,102952
28.4949,35,102952
28.4999,35,102952
28.5049,35,102952
28.5099,35,102952
28.5149,34,101438
28.5199,34,101438
28.5249,34,101438
28.5299,34,101438
28.5349,34,101438
28.5399,34,101438
28.5449,34,101438
28.5499,34,101438
28.5549,34,101438
28.5599,34,101438
28.5649,34,101438
28.5699,34,99924
28.5749,34,99924
28.5799,34,99924
28.5849,34,99924
28.5899,34,99924
28.5949,34,99924
28.5999,35,102952
28.6049,35,102952
28.6108,34,99924
28.6149,35,102952
28.6199,35,102952
28.6249,34,101438
28.6299,34,101438
28.6349,34,101438
28.6399,34,101438
28.6449,34,101438
28.6499,34,101438
28.6549,34,101438
28.6599,34,101438
28.6649,34,101438
28.6699,34,101438
28.6749,34,101438
28.6799,34,99924
28.6849,34,99924
28.6899,34,99924
28.6949,34,99924
28.6999,34,99924
28.7049,33,96896
28.7099,34,99924
28.7149,34,99924
28.7199,34,99924
28.7249,34,99924
28.7299,34,101438
28.7349,34,101438
28.7405,34,101438
28.7449,34,101438
28.7499,34,101438
28.7549,34,101438
28.7599,34,101438
28.7649,34,101438
28.7699,34,101438
28.7749,34,101438
28.7799,34,101438
28.7849,34,101438
28.7899,34,99924
28.7949,33,96896
28.7999,33,96896
28.8049,35,102952
28.8099,35,102952
28.8149,35,101438
28.8199,35,101438
28.8249,35,101438
28.8299,35,101438
28.8349,35,101438
28.8399,35,102952
28.8449,35,102952
28.8499,35,102952
28.8549,35,102952
28.8599,35,102952
28.8649,34,99924
28.8699,35,102952
28.8749,34,99924
28.8799,35,102952
28.8849,35,102952
28.8899,35,102952
28.8949,35,102952
28.8999,35,102952
28.9049,35,102952
28.9099,35,102952
28.9149,35,102952
28.9199,35,102952
28.9249,34,99924
28.9299,34,99924
28.9349,34,99924
28.9399,34,99924
28.9449,34,99924
28.9499,33,98410
28.9549,33,98410
28.9599,33,98410
28.9649,34,101438
28.9699,34,101438
28.9749,34,101438
28.9799,34,102952
28.9849,34,102952
28.9899,34,102952
28.9949,34,102952
28.9999,35,104466
29.0049,34,101438
29.0099,35,104466
29.0149,35,104466
29.0199,34,101438
29.0249,34,101438
29.0299,34,101438
29.0349,34,101438
29.0399,34,101438
29.0449,34,101438
29.0499,34,101438
29.0549,34,101438
29.0599,34,101438
29.0649,33,98410
29.0699,34,101438
29.0749,34,101438
29.0799,34,101438
29.0849,34,101438
29.0899,34,101438
29.0949,34,101438
29.0999,34,101438
29.1049,35,104466
29.1102,35,102952
29.1149,35,102952
29.1199,35,102952
29.1249,35,102952
29.1299,35,102952
29.1349,36,105980
29.1399,36,105980
29.1449,36,105980
29.1499,36,105980
29.1549,36,105980
29.1599,36,105980
29.1649,36,105980
29.1699,35,104466
29.1748,35,104466
29.1799,35,104466
29.1849,35,104466
29.1899,35,104466
29.1949,35,104466
29.1999,35,104466
29.2049,35,104466
29.2099,35,104466
29.2156,35,104466
29.2201,35,102952
29.2260,34,99924
29.2305,35,102952
29.2349,35,102952
29.2399,35,102952
29.2449,34,99924
29.2499,34,99924
29.2549,35,102952
29.2599,35,102952
29.2649,35,102952
29.2699,35,102952
29.2749,35,104466
29.2799,35,104466
29.2859,35,104466
29.2906,35,104466
29.2954,35,104466
29.3001,35,104466
29.3049,35,104466
29.3099,35,104466
29.3149,35,104466
29.3199,35,104466
29.3249,35,102952
29.3300,34,99924
29.3349,34,99924
29.3399,35,102952
29.3448,35,102952
29.3499,35,102952
29.3558,35,102952
29.3607,34,99924
29.3656,35,102952
29.3705,35,102952
29.3755,35,102952
29.3804,35,102952
29.3854,34,101438
29.3905,34,101438
29.3962,35,104466
29.4013,35,104466
29.4063,35,104466
29.4108,35,104466
29.4175,35,104466
29.4225,35,104466
29.4276,35,104466
29.4325,36,105980
29.4374,36,105980
29.4421,36,105980
29.4470,36,105980
29.4517,36,105980
29.4565,36,105980
29.4623,36,105980
29.4675,36,105980
29.4724,36,105980
29.4785,35,102952
29.4832,35,102952
29.4878,35,102952
29.4922,35,104466
29.4963,35,104466
29.5010,35,104466
29.5055,35,104466
29.5101,35,104466
29.5149,35,104466
29.5199,35,104466
29.5249,35,104466
29.5299,35,104466
29.5349,35,104466
29.5399,36,105980
29.5449,36,105980
29.5499,36,105980
29.5549,36,105980
29.5601,36,105980
29.5649,36,105980
29.5699,36,105980
29.5749,36,105980
29.5799,36,105980
29.5849,36,105980
29.5899,36,105980
29.5949,36,105980
29.5999,36,105980
29.6049,35,104466
29.6099,35,104466
29.6149,35,104466
29.6199,35,104466
29.6249,35,104466
29.6299,35,104466
29.6349,35,104466
29.6399,35,104466
29.6449,35,104466
29.6499,36,105980
29.6549,36,105980
29.6599,36,105980
29.6649,36,105980
29.6699,36,105980
29.6749,36,105980
29.6799,36,105980
29.6849,36,105980
29.6899,37,109008
29.6955,37,109008
29.7003,37,109008
29.7049,37,109008
29.7099,37,109008
29.7149,36,107494
29.7199,36,107494
29.7249,36,107494
29.7299,36,107494
29.7349,36,107494
29.7399,36,107494
29.7449,36,107494
29.7499,36,107494
29.7549,36,107494
29.7599,36,105980
29.7649,36,105980
29.7699,36,105980
29.7749,36,105980
29.7799,36,105980
29.7849,36,105980
29.7899,36,105980
29.7949,35,102952
29.8003,36,105980
29.8048,36,105980
29.8099,36,105980
29.8149,36,105980
29.8200,36,107494
29.8259,36,107494
29.8302,36,107494
29.8349,36,107494
29.8403,36,107494
29.8449,36,107494
29.8499,36,107494
29.8549,36,107494
29.8599,36,107494
29.8649,36,107494
29.8699,36,105980
29.8749,35,102952
29.8799,35,102952
29.8849,36,105980
29.8899,36,105980
29.8949,36,105980
29.8999,36,105980
29.9049,35,102952
29.9099,36,105980
29.9156,36,105980
29.9204,36,105980
29.9255,36,105980
29.9304,36,107494
29.9352,36,107494
29.9399,36,107494
29.9449,35,104466
29.9513,36,107494
29.9563,36,107494
29.9629,36,107494
29.9679,36,107494
29.9728,37,109008
29.9780,37,109008
29.9831,37,109008
29.9876,37,109008
29.9925,36,105980
29.9984,36,105980
30.0030,37,109008
30.0075,37,109008
30.0121,37,109008
30.0166,37,109008
30.0212,37,109008
30.0257,37,109008
30.0308,37,109008
30.0357,37,109008
30.0406,37,110522
30.0452,37,110522
30.0507,37,110522
30.0554,37,110522
30.0604,37,110522
30.0654,37,110522
30.0708,37,110522
30.0757,37,110522
30.0808,37,109008
30.0858,37,109008
30.0906,37,109008
30.0949,37,109008
30.0999,37,109008
30.1049,37,109008
30.1099,37,109008
30.1149,37,109008
30.1199,37,109008
30.1249,38,112036
30.1299,38,112036
30.1349,38,112036
30.1399,38,112036
30.1449,38,112036
30.1499,37,110522
30.1549,37,110522
30.1599,37,110522
30.1649,37,110522
30.1700,37,110522
30.1749,37,110522
30.1799,37,110522
30.1850,38,112036
30.1899,38,112036
30.1949,38,112036
30.1999,38,112036
30.2049,38,112036
30.2099,38,112036
30.2149,38,112036
30.2199,38,112036
30.2250,38,112036
30.2300,38,112036
30.2349,38,112036
30.2399,38,112036
30.2449,38,112036
30.2499,38,112036
30.2549,38,112036
30.2599,37,110522
30.2649,37,110522
30.2699,37,110522
30.2749,37,110522
30.2799,37,110522
30.2849,37,110522
30.2899,37,110522
30.2955,38,112036
30.2999,38,112036
30.3048,38,112036
30.3100,38,112036
30.3149,38,112036
30.3199,38,112036
30.3249,38,112036
30.3299,38,112036
30.3349,38,112036
30.3399,38,112036
30.3449,38,112036
30.3499,38,112036
30.3549,38,112036
30.3612,38,112036
30.3653,38,113550
30.3699,38,113550
30.3749,38,113550
30.3799,38,113550
30.3849,38,113550
30.3899,38,113550
30.3949,38,113550
30.3999,38,113550
30.4049,38,112036
30.4099,38,112036
30.4149,38,112036
30.4210,38,112036
30.4257,38,112036
30.4304,39,115064
30.4349,39,115064
30.4399,39,115064
30.4449,39,115064
30.4499,38,112036
30.4549,38,112036
30.4599,38,112036
30.4649,38,112036
30.4699,38,112036
30.4749,38,113550
30.4799,38,113550
30.4849,38,113550
30.4899,38,113550
30.4949,38,113550
30.4999,38,113550
30.5049,37,110522
30.5099,38,112036
30.5149,39,115064
30.5199,38,112036
30.5249,39,115064
30.5299,39,115064
30.5349,39,115064
30.5399,39,115064
30.5449,39,115064
30.5499,39,115064
30.5549,39,115064
30.5599,39,115064
30.5649,39,115064
30.5699,39,115064
30.5749,39,115064
30.5799,39,115064
30.5849,38,113550
30.5899,39,116578
30.5955,39,116578
30.5999,39,116578
30.6049,39,116578
30.6099,39,116578
30.6149,39,115064
30.6199,39,115064
30.6249,39,115064
30.6299,39,115064
30.6349,39,115064
30.6399,40,118092
30.6449,40,118092
30.6499,40,118092
30.6549,40,118092
30.6599,40,118092
30.6649,40,118092
30.6699,40,118092
30.6749,39,115064
30.6799,40,118092
30.6849,40,118092
30.6899,40,118092
30.6956,39,116578
30.7017,39,116578
30.7060,39,116578
30.7102,39,116578
30.7149,39,116578
30.7199,40,118092
30.7249,40,118092
30.7299,40,118092
30.7349,40,118092
30.7399,40,118092
30.7449,40,118092
30.7499,40,118092
30.7549,40,118092
30.7599,40,118092
30.7649,40,118092
30.7699,40,118092
30.7749,40,118092
30.7799,41,121120
30.7849,41,121120
30.7899,41,121120
30.7949,41,121120
30.7999,41,121120
30.8049,40,119606
30.8099,40,119606
30.8150,40,119606
30.8199,40,119606
30.8249,41,121120
30.8299,41,121120
30.8349,41,121120
30.8399,41,121120
30.8449,41,121120
30.8499,41,121120
30.8549,41,121120
30.8599,41,121120
30.8649,41,121120
30.8699,41,121120
30.8749,41,121120
30.8799,41,121120
30.8849,41,121120
30.8899,41,121120
30.8949,40,118092
30.8999,40,118092
30.9049,40,118092
30.9099,41,122634
30.9149,41,122634
30.9199,41,122634
30.9249,41,122634
30.9299,41,122634
30.9356,41,121120
30.9399,41,121120
30.9449,41,121120
30.9499,41,121120
30.9549,41,121120
30.9599,41,121120
30.9649,41,121120
30.9700,40,118092
30.9749,40,118092
30.9799,40,118092
30.9849,42,124148
30.9899,42,124148
30.9949,41,121120
30.9999,41,121120
31.0049,41,121120
31.0099,41,121120
31.0149,41,121120
31.0199,41,122634
31.0249,41,122634
31.0299,41,122634
31.0349,41,122634
31.0399,42,124148
31.0449,41,121120
31.0499,42,124148
31.0549,41,121120
31.0599,42,124148
31.0649,42,124148
31.0699,42,124148
31.0749,42,124148
31.0799,42,124148
31.0849,42,124148
31.0899,42,124148
31.0956,42,124148
31.0999,42,124148
31.1049,41,121120
31.1099,42,124148
31.1149,42,124148
31.1199,43,127176
31.1257,43,127176
31.1299,41,122634
31.1349,41,122634
31.1399,43,127176
31.1449,43,127176
31.1499,43,127176
31.1549,43,127176
31.1599,43,127176
31.1649,43,127176
31.1704,43,127176
31.1749,43,127176
31.1799,43,127176
31.1849,43,127176
31.1899,43,127176
31.1956,43,127176
31.2002,43,127176
31.2059,43,127176
31.2104,43,127176
31.2149,44,130204
31.2199,44,130204
31.2249,44,130204
31.2299,44,130204
31.2349,44,130204
31.2399,43,128690
31.2449,43,128690
31.2499,43,127176
31.2549,43,127176
31.2603,43,127176
31.2648,44,130204
31.2699,44,130204
31.2749,44,130204
31.2799,44,130204
31.2849,44,130204
31.2899,44,130204
31.2948,44,130204
31.2999,44,130204
31.3070,43,127176
31.3112,44,130204
31.3154,44,130204
31.3199,44,130204
31.3249,44,130204
31.3299,44,130204
31.3349,45,133232
31.3399,45,133232
31.3449,44,131718
31.3499,44,131718
31.3549,44,130204
31.3599,44,130204
31.3649,44,130204
31.3699,44,130204
31.3749,44,130204
31.3799,44,130204
31.3849,44,130204
31.3899,44,130204
31.3949,44,130204
31.3999,44,130204
31.4049,44,130204
31.4099,45,133232
31.4149,45,133232
31.4199,45,133232
31.4249,45,133232
31.4299,45,133232
31.4349,46,134746
31.4399,45,131718
31.4449,46,134746
31.4499,45,131718
31.4549,45,133232
31.4599,45,133232
31.4649,45,133232
31.4699,45,133232
31.4749,45,133232
31.4799,45,133232
31.4849,45,133232
31.4900,45,133232
31.4949,45,133232
31.4999,45,133232
31.5049,45,133232
31.5099,45,133232
31.5149,44,130204
31.5199,46,136260
31.5258,46,136260
31.5298,45,133232
31.5350,46,136260
31.5399,45,133232
31.5449,45,133232
31.5499,45,133232
31.5549,45,133232
31.5599,45,133232
31.5649,46,136260
31.5699,46,136260
31.5749,46,136260
31.5800,46,136260
31.5849,46,136260
31.5899,46,136260
31.5949,46,136260
31.5999,46,136260
31.6049,46,136260
31.6099,46,136260
31.6149,46,136260
31.6199,46,136260
31.6249,46,136260
31.6299,46,136260
31.6349,46,136260
31.6399,47,139288
31.6449,47,140802
31.6499,46,137774
31.6549,46,137774
31.6599,46,137774
31.6649,46,137774
31.6700,47,139288
31.6749,47,139288
31.6808,47,139288
31.6849,47,139288
31.6900,47,139288
31.6949,47,139288
31.6999,47,139288
31.7050,47,139288
31.7099,47,139288
31.7149,47,139288
31.7199,47,139288
31.7249,47,139288
31.7299,46,136260
31.7349,47,139288
31.7399,47,139288
31.7449,47,139288
31.7499,47,139288
31.7549,47,139288
31.7599,48,142316
31.7649,48,142316
31.7699,49,143830
31.7754,49,143830
31.7799,49,143830
31.7849,48,142316
31.7899,48,142316
31.7949,48,142316
31.7999,48,142316
31.8049,48,142316
31.8099,48,142316
31.8149,48,142316
31.8199,48,142316
31.8249,48,142316
31.8299,48,142316
31.8349,48,142316
31.8399,48,142316
31.8449,48,142316
31.8499,48,142316
31.8549,49,145344
31.8599,49,145344
31.8649,49,145344
31.8701,49,145344
31.8749,50,146858
31.8801,50,146858
31.8849,50,146858
31.8899,50,146858
31.8949,49,145344
31.8999,49,145344
31.9049,49,145344
31.9099,49,145344
31.9149,49,145344
31.9199,49,145344
31.9249,49,145344
31.9312,49,145344
31.9360,49,145344
31.9409,48,142316
31.9460,48,142316
31.9520,49,145344
31.9568,50,148372
31.9613,50,148372
31.9662,50,148372
31.9711,50,148372
31.9759,49,145344
31.9808,50,146858
31.9853,50,146858
31.9903,50,146858
31.9952,50,146858
32.0005,50,148372
32.0050,50,148372
32.0099,50,148372
32.0148,50,148372
32.0199,50,148372
32.0249,50,148372
32.0299,50,148372
32.0349,50,148372
32.0400,50,148372
32.0449,50,148372
32.0499,50,148372
32.0548,51,151400
32.0599,50,148372
32.0649,50,148372
32.0699,51,151400
32.0750,51,151400
32.0799,51,151400
32.0849,50,148372
32.0899,51,149886
32.0949,51,149886
32.0999,51,149886
32.1050,51,149886
32.1099,51,151400
32.1149,51,151400
32.1199,51,151400
32.1249,51,151400
32.1299,51,151400
32.1349,51,151400
32.1399,50,148372
32.1449,52,154428
32.1499,52,154428
32.1549,52,154428
32.1599,52,154428
32.1649,52,154428
32.1699,52,154428
32.1749,52,154428
32.1803,52,154428
32.1851,53,155942
32.1902,53,155942
32.1953,52,152914
32.2002,52,152914
32.2051,52,152914
32.2100,52,152914
32.2149,52,152914
32.2199,51,151400
32.2249,51,151400
32.2299,53,157456
32.2349,53,157456
32.2399,53,157456
32.2449,53,157456
32.2499,53,157456
32.2549,53,157456
32.2598,53,157456
32.2649,53,157456
32.2699,53,157456
32.2759,53,157456
32.2803,53,157456
32.2862,53,157456
32.2908,54,158970
32.2956,54,158970
32.3004,54,158970
32.3060,55,160484
32.3109,55,160484
32.3159,55,160484
32.3208,55,160484
32.3252,55,160484
32.3300,54,158970
32.3349,54,158970
32.3398,54,158970
32.3449,54,158970
32.3499,55,161998
32.3563,55,161998
32.3613,55,161998
32.3658,55,161998
32.3726,55,161998
32.3767,55,161998
32.3814,55,161998
32.3854,55,161998
32.3898,55,161998
32.3949,55,161998
32.3999,55,161998
32.4049,55,161998
32.4099,55,161998
32.4149,56,165026
32.4199,56,165026
32.4249,56,165026
32.4299,56,165026
32.4350,56,165026
32.4399,55,163512
32.4449,55,163512
32.4499,55,163512
32.4549,55,163512
32.4599,56,166540
32.4649,56,166540
32.4699,56,166540
32.4749,56,166540
32.4799,56,166540
32.4849,56,166540
32.4900,56,166540
32.4949,56,166540
32.4999,57,168054
32.5058,56,165026
32.5101,57,168054
32.5149,57,168054
32.5199,57,168054
32.5249,56,165026
32.5299,56,165026
32.5349,56,165026
32.5399,57,168054
32.5449,57,169568
32.5499,57,169568
32.5549,57,169568
32.5600,56,168054
32.5649,56,168054
32.5702,56,168054
32.5754,56,168054
32.5799,56,168054
32.5861,57,171082
32.5910,56,168054
32.5949,56,168054
32.5999,57,169568
32.6049,57,169568
32.6100,57,169568
32.6149,58,172596
32.6212,58,172596
32.6258,58,172596
32.6302,57,169568
32.6349,58,172596
32.6399,58,172596
32.6449,58,172596
32.6499,59,175624
32.6549,59,175624
32.6599,59,175624
32.6650,59,175624
32.6699,59,175624
32.6749,59,175624
32.6799,59,175624
32.6849,59,175624
32.6900,58,172596
32.6949,58,172596
32.6999,59,174110
32.7049,59,174110
32.7110,59,174110
32.7152,59,174110
32.7203,59,174110
32.7249,59,174110
32.7299,59,174110
32.7349,59,174110
32.7399,59,174110
32.7449,59,174110
32.7499,59,174110
32.7549,59,174110
32.7599,59,174110
32.7649,59,175624
32.7700,60,178652
32.7749,59,175624
32.7799,60,178652
32.7849,60,178652
32.7899,60,178652
32.7949,60,178652
32.7999,61,180166
32.8062,61,180166
32.8103,61,180166
32.8149,61,180166
32.8199,61,180166
32.8249,61,180166
32.8299,61,180166
32.8349,61,180166
32.8399,61,180166
32.8449,61,180166
32.8499,0,0
32.8549,62,183194
32.8599,62,183194
32.8649,62,183194
32.8699,62,183194
32.8749,61,181680
32.8799,61,181680
32.8849,61,181680
32.8899,61,181680
32.8949,61,181680
32.8999,62,184708
32.9049,62,183194
32.9099,62,183194
32.9149,62,183194
32.9199,62,183194
32.9249,62,183194
32.9299,63,186222
32.9349,63,186222
32.9399,63,186222
32.9449,63,186222
32.9499,63,186222
32.9549,62,183194
32.9610,62,183194
32.9653,64,189250
32.9699,64,189250
32.9749,64,189250
32.9802,64,189250
32.9849,63,187736
32.9899,63,187736
32.9949,63,187736
32.9999,63,187736
33.0049,64,189250
33.0099,64,189250
33.0149,64,189250
33.0199,64,189250
33.0249,64,189250
33.0299,64,189250
33.0349,64,189250
33.0399,64,189250
33.0449,64,189250
33.0499,64,189250
33.0549,64,189250
33.0599,64,189250
33.0649,64,189250
33.0699,64,189250
33.0749,64,189250
33.0799,64,189250
33.0849,63,186222
33.0899,63,187736
33.0957,64,190764
33.1001,64,190764
33.1049,64,190764
33.1099,64,189250
33.1149,64,189250
33.1199,64,189250
33.1249,64,189250
33.1299,64,189250
33.1349,64,189250
33.1399,64,189250
33.1449,64,189250
33.1499,63,186222
33.1549,63,186222
33.1600,63,186222
33.1649,63,186222
33.1699,64,189250
33.1757,64,189250
33.1799,63,186222
33.1856,63,186222
33.1901,63,186222
33.1949,63,186222
33.1999,63,187736
33.2049,63,187736
33.2099,64,189250
33.2149,64,189250
33.2199,64,189250
33.2250,64,189250
33.2299,63,186222
33.2349,64,189250
33.2399,63,186222
33.2449,64,189250
33.2499,64,189250
33.2549,64,189250
33.2599,64,189250
33.2649,64,189250
33.2699,64,189250
33.2749,64,189250
33.2799,64,189250
33.2849,63,186222
33.2899,63,186222
33.2949,63,186222
33.2999,63,186222
33.3049,63,186222
33.3100,62,184708
33.3149,62,184708
33.3199,62,184708
33.3249,63,187736
33.3299,63,187736
33.3349,63,187736
33.3399,63,187736
33.3449,63,187736
33.3499,63,187736
33.3549,63,187736
33.3599,63,187736
33.3649,64,190764
33.3699,64,190764
33.3749,64,190764
33.3799,64,190764
33.3854,64,190764
33.3899,64,190764
33.3949,63,187736
33.3999,63,187736
33.4049,63,187736
33.4099,64,189250
33.4149,63,187736
33.4199,63,187736
33.4249,64,190764
33.4299,64,190764
33.4349,64,190764
33.4399,64,190764
33.4449,64,190764
33.4499,64,190764
33.4549,64,190764
33.4599,64,190764
33.4649,64,189250
33.4699,64,189250
33.4749,64,187736
33.4799,64,186222
33.4849,64,186222
33.4899,64,184708
33.4949,64,184708
33.4999,63,181680
33.5049,63,181680
33.5099,64,181680
33.5152,63,180166
33.5199,63,178652
33.5249,63,178652
33.5299,0,0
33.5349,63,175624
33.5399,63,175624
33.5449,63,174110
33.5499,63,174110
33.5549,63,172596
33.5599,63,171082
33.5649,63,171082
33.5699,63,169568
33.5749,64,169568
33.5799,64,168054
33.5849,64,166540
33.5899,64,166540
33.5952,64,165026
33.5999,64,163512
33.6049,64,163512
33.6099,63,158970
33.6149,64,160484
33.6199,64,160484
33.6249,63,155942
33.6299,63,155942
33.6349,63,154428
33.6399,63,152914
33.6449,63,151400
33.6499,63,149886
33.6549,63,149886
33.6599,63,148372
33.6649,63,146858
33.6699,63,146858
33.6749,63,145344
33.6799,63,143830
33.6849,63,142316
33.6899,63,140802
33.6949,63,140802
33.6999,63,139288
33.7049,63,137774
33.7099,63,137774
33.7149,62,134746
33.7199,62,134746
33.7249,62,133232
33.7299,62,131718
33.7349,62,131718
33.7399,62,130204
33.7449,63,131718
33.7499,63,130204
33.7549,63,130204
33.7599,63,128690
33.7649,63,128690
33.7699,63,128690
33.7749,63,127176
33.7799,61,124148
33.7849,60,122634
33.7899,61,125662
33.7949,61,125662
33.7999,60,124148
33.8049,60,124148
33.8099,59,122634
33.8149,59,124148
33.8199,59,125662
33.8249,59,127176
33.8299,59,127176
33.8349,58,127176
33.8399,58,127176
33.8449,56,125662
33.8499,56,127176
33.8549,55,124148
33.8599,54,124148
33.8649,55,124148
33.8699,54,124148
33.8749,55,125662
33.8799,54,124148
33.8849,54,124148
33.8899,54,125662
33.8949,54,125662
33.8999,54,125662
33.9049,54,125662
33.9099,54,125662
33.9149,53,125662
33.9199,53,124148
33.9258,53,125662
33.9306,54,125662
33.9353,53,122634
33.9399,54,125662
33.9449,53,122634
33.9512,55,127176
33.9565,55,125662
33.9614,54,124148
33.9668,55,127176
33.9719,56,127176
33.9769,57,128690
33.9818,57,128690
33.9869,57,127176
33.9916,58,128690
33.9967,59,128690
34.0012,60,128690
34.0055,60,128690
34.0099,60,127176
34.0149,61,128690
34.0199,61,127176
34.0249,61,127176
34.0299,62,127176
34.0349,62,127176
34.0402,63,128690
34.0449,63,127176
34.0499,63,125662
34.0555,64,128690
34.0602,64,127176
34.0649,64,128690
34.0699,64,128690
34.0749,63,125662
34.0799,63,125662
34.0849,62,124148
34.0899,62,122634
34.0954,61,119606
34.0999,61,121120
34.1049,60,118092
34.1099,60,118092
34.1149,60,118092
34.1202,60,118092
34.1249,59,115064
34.1299,58,115064
34.1349,57,113550
34.1399,56,112036
34.1449,55,112036
34.1498,55,112036
34.1549,55,110522
34.1599,55,112036
34.1649,55,110522
34.1700,54,107494
34.1749,53,107494
34.1799,51,104466
34.1849,50,102952
34.1899,50,102952
34.1949,49,101438
34.1999,49,102952
34.2049,47,99924
34.2099,47,99924
34.2149,48,99924
34.2199,47,98410
34.2250,48,98410
34.2299,47,95382
34.2349,47,95382
34.2399,46,93868
34.2449,45,90840
34.2499,45,92354
34.2549,44,92354
34.2599,44,90840
34.2677,43,87812
34.2723,43,87812
34.2768,42,86298
34.2817,43,86298
34.2866,42,84784
34.2913,42,83270
34.2962,42,84784
34.3012,40,80242
34.3060,41,83270
34.3105,39,78728
34.3153,39,80242
34.3202,39,78728
34.3253,39,78728
34.3302,38,78728
34.3350,36,74186
34.3399,36,74186
34.3449,35,72672
34.3499,35,71158
34.3549,36,74186
34.3599,36,74186
34.3649,37,75700
34.3699,36,74186
34.3753,35,72672
34.3816,34,72672
34.3863,34,72672
34.3915,35,74186
34.3967,35,74186
34.4024,35,72672
34.4073,34,72672
34.4122,33,71158
34.4166,35,74186
34.4215,35,75700
34.4262,34,74186
34.4313,34,74186
34.4360,34,74186
34.4408,34,74186
34.4456,34,74186
34.4504,33,72672
34.4552,34,72672
34.4600,35,74186
34.4649,36,74186
34.4699,36,74186
34.4749,37,75700
34.4799,36,72672
34.4849,36,72672
34.4899,35,72672
34.4949,35,71158
34.4999,37,74186
34.5049,36,71158
34.5099,37,72672
34.5149,37,71158
34.5199,37,72672
34.5249,38,74186
34.5299,38,74186
34.5349,38,75700
34.5399,37,74186
34.5449,37,74186
34.5499,36,72672
34.5551,37,75700
34.5605,36,74186
34.5653,35,71158
34.5702,35,72672
34.5750,34,72672
34.5800,34,75700
34.5848,32,72672
34.5899,32,75700
34.5949,31,72672
34.5999,31,74186
34.6048,30,71158
34.6099,30,72672
34.6149,30,75700
34.6199,29,75700
34.6249,28,75700
34.6299,26,72672
34.6349,26,74186
34.6399,26,74186
34.6449,26,75700
34.6499,26,77214
34.6549,25,74186
34.6598,25,74186
34.6649,24,72672
34.6698,24,72672
34.6749,24,72672
34.6798,24,72672
34.6849,25,75700
34.6899,25,75700
34.6949,24,72672
34.6999,25,75700
34.7060,25,75700
34.7109,26,77214
34.7158,26,77214
34.7205,26,77214
34.7252,26,77214
34.7302,26,77214
34.7350,25,74186
34.7400,26,77214
34.7449,26,77214
34.7499,26,77214
34.7548,27,80242
34.7599,27,80242
34.7649,27,80242
34.7699,27,80242
34.7749,27,80242
34.7805,26,77214
34.7852,26,77214
34.7900,26,77214
34.7950,26,77214
34.8000,26,77214
34.8049,26,77214
34.8099,26,77214
34.8149,26,77214
34.8199,26,75700
34.8249,27,78728
34.8299,27,78728
34.8349,27,80242
34.8399,27,80242
34.8449,26,77214
34.8506,26,77214
34.8555,26,77214
34.8604,26,77214
34.8653,26,77214
34.8700,26,77214
34.8749,26,77214
34.8798,27,80242
34.8849,27,80242
34.8899,27,80242
34.8950,27,80242
34.8999,27,80242
34.9050,27,80242
34.9099,27,80242
34.9151,27,80242
34.9199,27,78728
34.9249,27,78728
34.9306,27,78728
34.9355,27,78728
34.9403,27,78728
34.9453,27,80242
34.9502,27,80242
34.9551,27,80242
34.9599,27,80242
34.9649,27,80242
34.9701,27,80242
34.9748,27,80242
34.9816,27,80242
34.9870,27,80242
34.9923,27,80242
34.9973,28,83270
35.0024,28,83270
35.0082,27,80242
35.0127,27,80242
35.0170,28,83270
35.0218,28,83270
35.0264,28,83270
35.0309,29,84784
35.0358,29,84784
35.0407,29,84784
35.0456,29,84784
35.0505,28,83270
35.0553,28,83270
35.0601,28,83270
35.0649,28,83270
35.0699,28,83270
35.0749,28,83270
35.0815,28,83270
35.0863,28,83270
35.0907,28,83270
35.0950,28,83270
35.0999,28,83270
35.1049,28,83270
35.1099,28,83270
35.1149,28,83270
35.1199,28,83270
35.1249,28,83270
35.1304,28,83270
35.1349,29,84784
35.1400,29,84784
35.1460,28,81756
35.1512,28,81756
35.1556,28,81756
35.1609,28,83270
35.1657,28,83270
35.1701,28,83270
35.1749,28,83270
35.1799,28,83270
35.1849,28,83270
35.1899,28,83270
35.1949,28,83270
35.1999,28,83270
35.2049,29,86298
35.2099,29,86298
35.2149,29,86298
35.2199,29,86298
35.2249,29,86298
35.2299,29,86298
35.2349,29,86298
35.2399,29,86298
35.2449,29,84784
35.2499,30,87812
35.2549,30,87812
35.2599,30,87812
35.2649,29,84784
35.2699,29,86298
35.2749,29,86298
35.2799,29,86298
35.2849,29,86298
35.2899,29,86298
35.2949,29,86298
35.2999,29,86298
35.3049,29,86298
35.3099,29,86298
35.3150,29,86298
35.3199,29,86298
35.3250,29,86298
35.3299,29,86298
35.3349,29,86298
35.3399,28,83270
35.3449,28,83270
35.3500,30,87812
35.3549,29,84784
35.3607,29,84784
35.3649,29,84784
35.3699,29,84784
35.3749,29,84784
35.3802,29,86298
35.3849,29,86298
35.3899,29,86298
35.3949,29,86298
35.3999,29,86298
35.4049,29,86298
35.4099,29,86298
35.4149,28,83270
35.4199,29,86298
35.4249,30,89326
35.4299,30,89326
35.4349,30,89326
35.4399,30,89326
35.4449,30,89326
35.4499,30,89326
35.4549,30,87812
35.4599,30,87812
35.4649,29,84784
35.4699,30,87812
35.4749,30,87812
35.4799,30,87812
35.4849,30,87812
35.4899,30,89326
35.4949,30,89326
35.4999,29,86298
35.5049,30,89326
35.5099,30,89326
35.5149,30,89326
35.5199,30,89326
35.5249,30,89326
35.5299,30,89326
35.5349,30,89326
35.5399,30,89326
35.5449,30,89326
35.5499,30,89326
35.5549,30,89326
35.5599,31,90840
35.5649,31,90840
35.5699,31,90840
35.5749,30,87812
35.5799,31,90840
35.5849,31,90840
35.5899,31,90840
35.5949,31,90840
35.5999,30,89326
35.6049,30,89326
35.6099,30,89326
35.6149,30,89326
35.6199,30,89326
35.6249,30,89326
35.6299,30,89326
35.6349,30,89326
35.6399,30,89326
35.6449,31,92354
35.6499,31,92354
35.6549,31,92354
35.6599,31,92354
35.6649,31,92354
35.6699,31,90840
35.6758,31,90840
35.6806,31,90840
35.6855,32,93868
35.6902,32,93868
35.6951,32,93868
35.6999,31,90840
35.7056,31,92354
35.7109,31,92354
35.7155,31,92354
35.7199,31,92354
35.7249,31,92354
35.7299,31,92354
35.7349,31,92354
35.7399,31,92354
35.7449,31,92354
35.7499,31,92354
35.7549,31,92354
35.7599,31,92354
35.7649,31,92354
35.7699,31,92354
35.7749,32,93868
35.7801,32,93868
35.7849,32,93868
35.7899,32,93868
35.7949,33,95382
35.7999,33,95382
35.8049,33,95382
35.8099,32,92354
35.8149,32,93868
35.8199,32,93868
35.8249,32,93868
35.8299,32,93868
35.8349,32,93868
35.8399,32,93868
35.8449,32,93868
35.8499,32,93868
35.8549,32,93868
35.8599,32,93868
35.8649,31,90840
35.8699,32,93868
35.8749,32,93868
35.8799,32,93868
35.8849,31,90840
35.8899,32,93868
35.8949,32,93868
35.8999,31,90840
35.9049,32,93868
35.9099,32,93868
35.9149,32,93868
35.9199,32,93868
35.9264,32,95382
35.9321,32,95382
35.9366,32,95382
35.9409,31,93868
35.9450,31,93868
35.9499,31,93868
35.9549,31,93868
35.9599,31,93868
35.9649,31,93868
35.9699,32,96896
35.9749,31,93868
35.9799,32,96896
35.9849,32,96896
35.9899,32,95382
35.9949,32,95382
35.9999,32,95382
36.0049,32,95382
36.0099,31,92354
36.0149,32,95382
36.0199,32,95382
36.0249,32,95382
36.0299,32,95382
36.0349,32,95382
36.0399,31,92354
36.0449,31,92354
36.0499,31,92354
36.0549,31,92354
36.0599,31,92354
36.0655,32,95382
36.0699,32,95382
36.0749,32,95382
36.0799,32,95382
36.0849,32,95382
36.0899,32,95382
36.0949,32,95382
36.0999,33,96896
36.1053,32,93868
36.1099,32,93868
36.1149,32,93868
36.1199,32,93868
36.1249,32,93868
36.1308,32,93868
36.1365,33,96896
36.1405,33,96896
36.1449,32,95382
36.1499,32,95382
36.1549,32,95382
36.1599,32,95382
36.1649,32,95382
36.1699,32,95382
36.1749,32,95382
36.1799,32,95382
36.1849,32,95382
36.1899,32,95382
36.1949,32,95382
36.1999,32,95382
36.2049,33,96896
36.2099,33,96896
36.2158,33,96896
36.2200,33,96896
36.2249,33,96896
36.2299,33,96896
36.2349,33,96896
36.2399,33,96896
36.2449,33,96896
36.2499,33,96896
36.2549,32,95382
36.2599,32,95382
36.2649,32,95382
36.2699,32,95382
36.2749,32,95382
36.2799,32,95382
36.2849,32,95382
36.2899,32,95382
36.2949,32,95382
36.2999,33,98410
36.3049,33,98410
36.3099,33,98410
36.3149,33,96896
36.3199,33,96896
36.3249,33,96896
36.3299,33,96896
36.3349,33,96896
36.3399,34,99924
36.3449,34,99924
36.3499,34,99924
36.3549,34,99924
36.3599,33,98410
36.3649,33,98410
36.3708,33,98410
36.3748,33,98410
36.3799,33,98410
36.3856,33,98410
36.3901,33,98410
36.3949,33,98410
36.3999,33,98410
36.4049,33,98410
36.4099,33,98410
36.4149,33,98410
36.4199,33,96896
36.4251,32,93868
36.4299,32,93868
36.4349,32,93868
36.4399,32,93868
36.4449,32,93868
36.4499,33,96896
36.4549,33,96896
36.4599,33,96896
36.4649,33,96896
36.4699,33,98410
36.4749,33,98410
36.4799,33,98410
36.4849,33,98410
36.4899,33,98410
36.4949,33,98410
36.4999,33,98410
36.5049,32,95382
36.5099,33,98410
36.5149,32,95382
36.5199,33,98410
36.5249,33,98410
36.5299,33,96896
36.5349,33,96896
36.5399,34,99924
36.5449,34,99924
36.5499,34,99924
36.5557,33,96896
36.5599,33,96896
36.5649,33,96896
36.5699,33,96896
36.5749,33,96896
36.5799,33,98410
36.5850,32,95382
36.5899,32,95382
36.5949,32,95382
36.5999,32,95382
36.6049,33,98410
36.6099,33,98410
36.6149,33,98410
36.6199,33,98410
36.6249,33,98410
36.6299,33,98410
36.6349,34,99924
36.6399,34,99924
36.6449,34,99924
36.6499,34,99924
36.6549,34,99924
36.6599,34,99924
36.6649,33,96896
36.6699,33,96896
36.6749,33,96896
36.6799,34,99924
36.6849,34,99924
36.6899,33,98410
36.6949,33,98410
36.6999,33,98410
36.7049,33,98410
36.7099,33,98410
36.7149,33,98410
36.7206,33,98410
36.7249,33,98410
36.7299,33,98410
36.7349,33,98410
36.7399,33,98410
36.7449,34,99924
36.7499,34,99924
36.7549,34,99924
36.7606,34,99924
36.7649,34,99924
36.7699,34,99924
36.7749,35,101438
36.7799,35,101438
36.7849,35,101438
36.7899,35,101438
36.7949,35,101438
36.7999,34,99924
36.8049,34,99924
36.8099,34,99924
36.8149,34,99924
36.8199,34,99924
36.8249,34,99924
36.8299,34,99924
36.8353,34,99924
36.8399,34,99924
36.8449,34,99924
36.8499,34,99924
36.8549,34,99924
36.8599,34,99924
36.8649,34,99924
36.8699,34,99924
36.8749,34,99924
36.8799,34,99924
36.8849,35,102952
36.8899,35,102952
36.8949,35,102952
36.8999,35,102952
36.9049,34,101438
36.9099,34,101438
36.9149,34,101438
36.9199,34,101438
36.9249,34,101438
36.9299,34,101438
36.9349,33,99924
36.9399,33,99924
36.9449,33,99924
36.9499,33,99924
36.9549,33,99924
36.9599,33,99924
36.9649,33,98410
36.9699,33,98410
36.9749,33,98410
36.9799,34,101438
36.9852,34,101438
36.9899,33,98410
36.9949,34,101438
36.9999,34,101438
37.0049,34,101438
37.0099,34,101438
37.0149,34,101438
37.0199,34,101438
37.0249,34,101438
37.0299,34,101438
37.0349,34,101438
37.0399,34,101438
37.0449,34,101438
37.0499,34,101438
37.0549,34,101438
37.0599,34,101438
37.0649,33,98410
37.0699,34,99924
37.0749,34,99924
37.0799,34,99924
37.0849,34,99924
37.0899,34,99924
37.0949,34,99924
37.0999,34,99924
37.1049,34,99924
37.1099,34,99924
37.1149,34,99924
37.1199,34,99924
37.1249,34,101438
37.1308,34,101438
37.1349,34,101438
37.1399,33,98410
37.1449,34,101438
37.1499,34,101438
37.1549,34,101438
37.1599,34,101438
37.1652,34,101438
37.1699,34,101438
37.1749,34,101438
37.1799,34,99924
37.1849,34,99924
37.1899,34,99924
37.1949,34,99924
37.1999,34,99924
37.2049,34,99924
37.2099,33,96896
37.2149,34,99924
37.2198,34,99924
37.2249,35,102952
37.2299,35,102952
37.2349,34,101438
37.2399,34,101438
37.2449,34,101438
37.2499,34,101438
37.2549,34,101438
37.2599,34,101438
37.2649,34,101438
37.2699,34,101438
37.2749,34,101438
37.2799,34,101438
37.2849,34,101438
37.2899,34,99924
37.2949,34,99924
37.2999,34,99924
37.3049,34,99924
37.3099,34,99924
37.3149,34,99924
37.3199,35,102952
37.3249,35,102952
37.3299,35,102952
37.3349,35,102952
37.3399,35,102952
37.3449,34,101438
37.3499,34,101438
37.3555,34,101438
37.3599,34,101438
37.3649,34,101438
37.3699,34,101438
37.3749,34,101438
37.3799,34,101438
37.3849,34,101438
37.3899,34,101438
37.3949,34,101438
37.3999,34,99924
37.4049,34,99924
37.4100,34,99924
37.4149,34,99924
37.4199,34,99924
37.4249,34,99924
37.4299,35,102952
37.4354,34,99924
37.4399,35,102952
37.4449,35,102952
37.4499,34,101438
37.4549,34,101438
37.4599,34,101438
37.4649,34,101438
37.4701,34,101438
37.4749,34,101438
37.4799,34,101438
37.4849,34,101438
37.4899,34,101438
37.4949,34,101438
37.4999,34,101438
37.5049,34,101438
37.5099,34,99924
37.5149,34,99924
37.5199,34,99924
37.5249,33,96896
37.5299,33,96896
37.5349,33,96896
37.5399,34,99924
37.5449,34,99924
37.5499,34,99924
37.5549,34,99924
37.5599,34,101438
37.5649,34,101438
37.5699,34,101438
37.5749,34,101438
37.5799,34,101438
37.5849,34,101438
37.5899,34,101438
37.5949,34,101438
37.5999,33,98410
37.6049,34,101438
37.6104,34,101438
37.6154,34,99924
37.6200,34,99924
37.6249,34,99924
37.6299,34,99924
37.6349,34,99924
37.6399,34,99924
37.6449,34,99924
37.6499,34,99924
37.6549,34,99924
37.6599,34,99924
37.6649,34,99924
37.6699,34,101438
37.6749,34,101438
37.6799,34,101438
37.6849,33,98410
37.6899,34,101438
37.6949,34,101438
37.6999,34,101438
37.7049,34,101438
37.7099,34,101438
37.7149,34,101438
37.7199,34,101438
37.7262,34,99924
37.7310,34,99924
37.7362,34,99924
37.7409,34,99924
37.7456,34,99924
37.7502,34,99924
37.7549,33,96896
37.7599,35,102952
37.7672,34,99924
37.7718,35,102952
37.7765,35,102952
37.7811,34,101438
37.7857,34,101438
37.7904,34,101438
37.7950,34,101438
37.7999,34,101438
37.8049,34,101438
37.8099,34,101438
37.8149,34,101438
37.8199,34,101438
37.8249,34,101438
37.8299,34,101438
37.8349,34,99924
37.8399,34,99924
37.8449,34,99924
37.8499,34,99924
37.8549,34,99924
37.8599,34,99924
37.8649,35,102952
37.8699,35,102952
37.8749,35,102952
37.8799,35,102952
37.8849,35,102952
37.8911,34,101438
37.8959,34,101438
37.9006,34,101438
37.9054,34,101438
37.9103,34,101438
37.9150,34,101438
37.9199,34,101438
37.9258,34,101438
37.9306,34,101438
37.9351,34,101438
37.9399,34,101438
37.9449,34,99924
37.9499,34,99924
37.9558,34,99924
37.9603,34,99924
37.9651,34,99924
37.9712,33,96896
37.9762,34,99924
37.9812,34,99924
37.9860,34,99924
37.9910,34,99924
37.9956,34,101438
38.0003,34,101438
38.0049,34,101438
38.0104,34,101438
38.0154,34,101438
38.0203,34,101438
38.0253,34,101438
38.0301,34,101438
38.0353,34,101438
38.0409,34,101438
38.0462,34,101438
38.0517,34,99924
38.0568,34,99924
38.0615,34,99924
38.0663,34,99924
38.0711,34,99924
38.0758,34,99924
38.0819,33,96896
38.0869,34,99924
38.0917,34,99924
38.0964,34,99924
38.1011,34,99924
38.1057,34,101438
38.1103,34,101438
38.1162,33,98410
38.1205,34,101438
38.1249,34,101438
38.1299,34,101438
38.1349,34,101438
38.1399,34,101438
38.1449,33,98410
38.1499,33,98410
38.1549,33,98410
38.1599,34,99924
38.1656,34,99924
38.1701,34,99924
38.1749,34,99924
38.1799,34,99924
38.1849,34,99924
38.1899,33,96896
38.1949,34,99924
38.2000,34,99924
38.2049,34,99924
38.2099,34,99924
38.2149,34,101438
38.2199,34,101438
38.2249,33,98410
38.2299,33,98410
38.2352,34,101438
38.2399,34,101438
38.2449,34,101438
38.2500,34,101438
38.2549,34,101438
38.2599,34,101438
38.2649,34,101438
38.2699,34,99924
38.2749,34,99924
38.2799,34,99924
38.2849,34,99924
38.2899,34,99924
38.2954,34,99924
38.3004,35,102952
38.3053,35,102952
38.3101,35,102952
38.3149,35,102952
38.3198,35,102952
38.3249,34,101438
38.3299,34,101438
38.3349,34,101438
38.3399,34,101438
38.3449,34,101438
38.3506,34,101438
38.3556,34,101438
38.3605,34,101438
38.3672,34,101438
38.3724,33,98410
38.3778,33,98410
38.3826,33,96896
38.3875,34,99924
38.3926,34,99924
38.3975,34,99924
38.4027,34,99924
38.4083,33,96896
38.4131,34,99924
38.4180,35,102952
38.4248,35,102952
38.4298,35,102952
38.4348,34,101438
38.4397,34,101438
38.4446,34,101438
38.4493,34,101438
38.4543,34,101438
38.4592,34,101438
38.4642,34,101438
38.4690,34,101438
38.4737,34,101438
38.4788,34,101438
38.4842,34,101438
38.4890,34,99924
38.4939,34,99924
38.4985,34,99924
38.5033,34,99924
38.5080,34,99924
38.5126,34,99924
38.5174,34,99924
38.5221,34,99924
38.5268,34,99924
38.5316,34,99924
38.5362,34,99924
38.5409,34,101438
38.5456,34,101438
38.5507,34,101438
38.5554,34,101438
38.5604,34,101438
38.5652,34,101438
38.5700,34,101438
38.5749,34,101438
38.5799,34,101438
38.5849,34,101438
38.5899,34,101438
38.5959,34,99924
38.6007,34,99924
38.6056,34,99924
38.6104,34,99924
38.6156,34,99924
38.6205,34,99924
38.6253,33,96896
38.6303,34,99924
38.6351,34,99924
38.6404,34,99924
38.6449,34,99924
38.6499,34,101438
38.6549,34,101438
38.6600,34,101438
38.6649,34,101438
38.6699,34,101438
38.6749,34,101438
38.6799,34,101438
38.6857,34,101438
38.6901,33,98410
38.6949,33,98410
38.6999,33,98410
38.7049,34,99924
38.7102,34,99924
38.7149,34,99924
38.7199,34,99924
38.7249,34,99924
38.7299,34,99924
38.7350,33,96896
38.7398,34,99924
38.7449,34,99924
38.7499,34,99924
38.7549,34,99924
38.7599,34,101438
38.7649,34,101438
38.7699,34,101438
38.7749,34,101438
38.7799,34,101438
38.7849,33,98410
38.7899,34,101438
38.7949,34,101438
38.7999,34,101438
38.8049,34,101438
38.8099,34,101438
38.8149,34,99924
38.8199,34,99924
38.8249,34,99924
38.8299,34,99924
38.8353,34,99924
38.8399,34,99924
38.8449,33,96896
38.8499,34,99924
38.8549,34,99924
38.8599,34,99924
38.8649,34,99924
38.8699,34,101438
38.8749,34,101438
38.8799,34,101438
38.8849,34,101438
38.8899,34,101438
38.8953,34,101438
38.8999,34,101438
38.9049,34,101438
38.9099,34,101438
38.9149,34,101438
38.9199,34,101438
38.9249,34,99924
38.9299,34,99924
38.9349,34,99924
38.9400,34,99924
38.9449,34,99924
38.9499,34,99924
38.9549,35,102952
38.9599,35,102952
38.9650,35,102952
38.9699,35,102952
38.9749,34,101438
38.9800,34,101438
38.9849,34,101438
38.9899,34,101438
38.9949,34,101438
38.9999,34,101438
39.0049,34,101438
39.0099,34,101438
39.0154,34,101438
39.0199,34,101438
39.0249,34,101438
39.0299,34,101438
39.0349,34,99924
39.0399,34,99924
39.0450,34,99924
39.0499,34,99924
39.0549,34,99924
39.0599,34,99924
39.0649,35,102952
39.0699,35,102952
39.0749,35,102952
39.0799,35,102952
39.0849,35,102952
39.0899,34,101438
39.0949,34,101438
39.0999,34,101438
39.1049,34,101438
39.1099,34,101438
39.1149,34,101438
39.1199,34,101438
39.1250,34,101438
39.1299,34,101438
39.1349,34,101438
39.1399,34,101438
39.1449,34,99924
39.1500,34,99924
39.1549,34,99924
39.1599,34,99924
39.1649,33,96896
39.1709,33,96896
39.1750,34,99924
39.1799,34,99924
39.1849,34,99924
39.1899,34,99924
39.1949,34,101438
39.1999,34,101438
39.2049,34,101438
39.2099,34,101438
39.2149,34,101438
39.2199,34,101438
39.2249,34,101438
39.2299,34,101438
39.2349,34,101438
39.2399,34,101438
39.2449,33,98410
39.2499,33,98410
39.2549,33,96896
39.2599,34,99924
39.2649,34,99924
39.2699,34,99924
39.2749,34,99924
39.2799,33,96896
39.2850,34,99924
39.2899,34,99924
39.2949,34,99924
39.2999,35,102952
39.3055,33,98410
39.3099,34,101438
39.3149,34,101438
39.3200,33,98410
39.3249,33,98410
39.3299,33,98410
39.3349,34,101438
39.3400,34,101438
39.3449,34,101438
39.3499,34,101438
39.3549,34,101438
39.3599,34,99924
39.3649,34,99924
39.3700,34,99924
39.3749,34,99924
39.3799,35,102952
39.3849,35,102952
39.3899,35,101438
39.3949,35,101438
39.3999,35,101438
39.4049,35,101438
39.4099,35,101438
39.4149,35,102952
39.4207,35,102952
39.4249,35,102952
39.4299,35,102952
39.4349,35,102952
39.4399,35,102952
39.4449,35,102952
39.4499,35,102952
39.4549,35,102952
39.4599,35,102952
39.4649,35,102952
39.4699,35,102952
39.4752,35,102952
39.4799,35,102952
39.4849,35,102952
39.4900,35,102952
39.4948,35,102952
39.4999,35,102952
39.5049,35,102952
39.5099,35,102952
39.5149,35,102952
39.5199,34,101438
39.5259,34,101438
39.5307,34,101438
39.5353,34,101438
39.5399,34,101438
39.5449,34,101438
39.5499,34,101438
39.5549,33,99924
39.5599,33,99924
39.5649,33,99924
39.5704,33,99924
39.5752,34,101438
39.5799,34,101438
39.5849,34,101438
39.5899,34,101438
39.5949,34,101438
39.5999,34,101438
39.6049,34,101438
39.6099,34,101438
39.6149,34,101438
39.6200,34,101438
39.6249,34,101438
39.6299,34,101438
39.6349,34,101438
39.6399,33,98410
39.6449,35,104466
39.6499,35,104466
39.6556,35,104466
39.6603,35,104466
39.6649,35,104466
39.6699,35,104466
39.6749,35,104466
39.6799,34,101438
39.6858,34,99924
39.6908,34,99924
39.6970,34,99924
39.7015,34,99924
39.7066,34,99924
39.7112,35,102952
39.7174,35,102952
39.7235,35,102952
39.7295,35,102952
39.7342,35,102952
39.7389,36,105980
39.7436,35,104466
39.7483,35,104466
39.7529,35,104466
39.7582,35,104466
39.7629,35,104466
39.7675,35,104466
39.7735,35,104466
39.7781,35,104466
39.7831,35,104466
39.7877,35,104466
39.7927,35,102952
39.7974,35,102952
39.8022,35,102952
39.8071,35,102952
39.8120,35,102952
39.8167,35,102952
39.8215,35,102952
39.8264,36,105980
39.8316,36,105980
39.8365,36,105980
39.8416,36,105980
39.8466,36,105980
39.8523,35,104466
39.8571,35,104466
39.8626,35,104466
39.8675,35,104466
39.8727,35,104466
39.8775,35,104466
39.8825,35,104466
39.8871,35,104466
39.8920,35,104466
39.8968,35,104466
39.9017,35,102952
39.9068,35,102952
39.9118,35,102952
39.9170,35,102952
39.9221,35,102952
39.9275,35,102952
39.9325,35,102952
39.9375,35,102952
39.9424,35,102952
39.9491,35,102952
39.9553,36,105980
39.9604,35,104466
39.9648,35,104466
39.9693,34,101438
39.9737,35,104466
39.9780,35,104466
39.9830,35,104466
39.9872,35,104466
39.9916,35,104466
39.9959,35,104466
40.0005,35,104466
40.0051,36,105980
40.0099,36,105980
40.0149,36,105980
40.0201,36,105980
40.0249,36,105980
40.0311,36,105980
40.0355,36,105980
40.0398,36,105980
40.0456,36,105980
40.0500,36,105980
40.0549,36,105980
40.0599,36,105980
40.0649,36,105980
40.0699,35,104466
40.0749,35,104466
40.0799,35,104466
40.0849,35,104466
40.0900,35,104466
40.0949,35,104466
40.0999,35,104466
40.1049,35,104466
40.1099,35,104466
40.1149,36,105980
40.1199,36,105980
40.1249,36,105980
40.1299,36,105980
40.1349,36,105980
40.1399,36,105980
40.1449,36,105980
40.1499,36,105980
40.1549,36,105980
40.1599,36,105980
40.1649,36,105980
40.1699,36,105980
40.1749,35,104466
40.1799,35,104466
40.1849,35,104466
40.1899,35,104466
40.1949,35,104466
40.1999,35,104466
40.2049,35,104466
40.2099,35,104466
40.2149,35,104466
40.2199,35,104466
40.2249,36,105980
40.2299,36,105980
40.2349,36,105980
40.2399,36,105980
40.2449,36,105980
40.2499,35,102952
40.2549,35,102952
40.2599,35,102952
40.2649,36,105980
40.2699,36,105980
40.2749,36,105980
40.2799,36,105980
40.2849,36,107494
40.2899,36,107494
40.2949,36,107494
40.2999,36,107494
40.3049,36,107494
40.3099,36,107494
40.3149,36,107494
40.3199,36,107494
40.3249,36,107494
40.3299,35,104466
40.3349,36,105980
40.3399,35,102952
40.3449,36,105980
40.3500,36,105980
40.3549,36,105980
40.3600,36,105980
40.3649,36,105980
40.3700,35,102952
40.3749,36,105980
40.3799,36,105980
40.3849,36,105980
40.3899,36,105980
40.3949,36,107494
40.3999,36,107494
40.4049,36,107494
40.4099,36,107494
40.4149,35,104466
40.4199,36,107494
40.4253,36,107494
40.4299,36,107494
40.4349,36,107494
40.4399,36,105980
40.4449,36,105980
40.4499,36,105980
40.4554,36,105980
40.4599,36,105980
40.4649,36,105980
40.4699,36,105980
40.4749,36,105980
40.4799,37,109008
40.4853,36,105980
40.4899,36,105980
40.4949,36,105980
40.4999,36,105980
40.5049,36,107494
40.5102,36,107494
40.5149,36,107494
40.5199,36,107494
40.5249,36,107494
40.5299,36,107494
40.5355,36,107494
40.5399,36,107494
40.5449,37,109008
40.5499,37,109008
40.5549,37,109008
40.5599,37,109008
40.5649,37,109008
40.5699,37,109008
40.5749,37,109008
40.5799,37,109008
40.5849,37,109008
40.5899,37,109008
40.5949,37,109008
40.5999,37,109008
40.6049,37,109008
40.6099,37,109008
40.6149,37,110522
40.6202,37,110522
40.6249,37,110522
40.6299,37,110522
40.6349,37,110522
40.6404,37,110522
40.6452,37,110522
40.6506,37,110522
40.6552,37,109008
40.6599,37,109008
40.6649,37,109008
40.6699,37,109008
40.6749,37,109008
40.6799,37,109008
40.6849,37,109008
40.6898,37,109008
40.6949,37,109008
40.7001,38,112036
40.7048,38,112036
40.7099,38,112036
40.7149,38,112036
40.7199,37,110522
40.7249,37,110522
40.7300,37,110522
40.7349,37,110522
40.7399,37,110522
40.7449,37,110522
40.7499,37,110522
40.7550,36,107494
40.7616,38,112036
40.7684,38,112036
40.7732,38,112036
40.7781,38,112036
40.7832,38,112036
40.7880,38,112036
40.7941,38,112036
40.7989,38,112036
40.8036,38,112036
40.8083,38,112036
40.8148,37,109008
40.8198,37,109008
40.8247,37,109008
40.8294,37,110522
40.8347,37,110522
40.8394,37,110522
40.8443,37,110522
40.8501,37,110522
40.8547,37,110522
40.8600,37,110522
40.8648,37,110522
40.8692,38,112036
40.8740,38,112036
40.8786,38,112036
40.8828,38,112036
40.8869,38,112036
40.8913,38,112036
40.8971,38,112036
40.9026,38,112036
40.9071,38,112036
40.9116,38,112036
40.9166,39,115064
40.9215,39,115064
40.9263,39,115064
40.9307,38,112036
40.9350,38,112036
40.9399,38,113550
40.9449,38,113550
40.9499,38,113550
40.9549,37,110522
40.9599,37,110522
40.9649,37,110522
40.9699,38,113550
40.9749,38,112036
40.9799,38,112036
40.9849,38,112036
40.9899,38,112036
40.9949,38,112036
40.9999,38,112036
41.0049,38,112036
41.0100,38,112036
41.0158,39,115064
41.0208,39,115064
41.0255,39,115064
41.0301,38,112036
41.0349,38,112036
41.0402,39,115064
41.0449,38,112036
41.0499,38,113550
41.0549,38,113550
41.0599,38,113550
41.0649,38,113550
41.0699,38,113550
41.0755,38,113550
41.0800,39,115064
41.0849,39,115064
41.0899,39,115064
41.0949,39,115064
41.0999,39,115064
41.1049,39,115064
41.1099,39,115064
41.1149,39,115064
41.1199,39,115064
41.1249,39,115064
41.1299,39,115064
41.1349,40,116578
41.1399,40,116578
41.1449,40,116578
41.1499,40,116578
41.1549,40,116578
41.1599,39,115064
41.1649,39,115064
41.1699,39,115064
41.1749,39,115064
41.1799,39,115064
41.1849,39,115064
41.1900,39,115064
41.1957,39,115064
41.2001,39,115064
41.2049,39,115064
41.2104,39,115064
41.2158,39,115064
41.2203,39,115064
41.2250,39,115064
41.2299,39,115064
41.2349,39,115064
41.2401,40,118092
41.2449,40,118092
41.2499,40,118092
41.2549,40,118092
41.2599,40,118092
41.2649,40,118092
41.2699,39,116578
41.2749,39,116578
41.2799,39,116578
41.2849,39,116578
41.2899,39,116578
41.2949,40,118092
41.2999,40,118092
41.3049,40,118092
41.3099,40,118092
41.3149,40,118092
41.3199,39,116578
41.3249,39,116578
41.3299,40,119606
41.3362,40,119606
41.3406,40,119606
41.3449,39,116578
41.3499,39,116578
41.3549,40,119606
41.3599,40,119606
41.3649,40,119606
41.3699,40,119606
41.3749,40,119606
41.3799,40,119606
41.3849,40,119606
41.3899,40,119606
41.3949,40,119606
41.3999,39,116578
41.4057,40,118092
41.4114,40,118092
41.4159,40,118092
41.4202,40,118092
41.4249,41,121120
41.4299,40,118092
41.4349,40,118092
41.4399,40,118092
41.4449,40,118092
41.4499,40,118092
41.4549,40,118092
41.4599,40,118092
41.4649,40,118092
41.4699,40,118092
41.4749,40,118092
41.4799,40,118092
41.4849,40,119606
41.4900,40,119606
41.4949,40,119606
41.5000,39,116578
41.5049,39,116578
41.5099,40,118092
41.5149,41,121120
41.5199,41,121120
41.5250,41,121120
41.5299,41,121120
41.5349,41,121120
41.5399,41,121120
41.5449,41,121120
41.5501,41,121120
41.5549,41,121120
41.5599,41,121120
41.5649,41,121120
41.5699,40,118092
41.5749,41,121120
41.5799,41,121120
41.5849,41,121120
41.5899,42,124148
41.5949,41,122634
41.5999,41,122634
41.6049,41,122634
41.6099,42,124148
41.6149,42,124148
41.6199,42,124148
41.6249,42,124148
41.6299,42,124148
41.6349,42,124148
41.6399,42,124148
41.6449,42,124148
41.6499,42,124148
41.6548,42,124148
41.6599,42,124148
41.6649,42,124148
41.6699,42,124148
41.6749,42,124148
41.6799,43,127176
41.6849,43,127176
41.6899,43,127176
41.6949,43,127176
41.6999,43,127176
41.7049,42,125662
41.7099,42,125662
41.7158,42,125662
41.7207,43,127176
41.7254,43,127176
41.7303,43,127176
41.7353,43,127176
41.7402,43,127176
41.7450,43,127176
41.7498,43,127176
41.7549,43,127176
41.7603,43,127176
41.7652,43,127176
41.7701,43,127176
41.7750,43,127176
41.7799,43,127176
41.7849,43,127176
41.7899,44,130204
41.7949,44,130204
41.8001,44,130204
41.8051,43,127176
41.8099,43,128690
41.8153,43,128690
41.8204,43,128690
41.8263,43,127176
41.8312,43,127176
41.8360,43,127176
41.8407,43,127176
41.8450,43,127176
41.8502,43,127176
41.8550,43,127176
41.8602,43,127176
41.8653,44,130204
41.8703,44,130204
41.8753,44,130204
41.8803,43,127176
41.8852,43,127176
41.8901,44,130204
41.8953,43,127176
41.9002,43,127176
41.9051,43,127176
41.9101,43,127176
41.9150,43,127176
41.9198,43,128690
41.9249,43,128690
41.9301,44,130204
41.9361,44,130204
41.9410,44,130204
41.9475,44,130204
41.9526,44,130204
41.9576,44,130204
41.9628,44,130204
41.9677,44,130204
41.9728,44,130204
41.9793,44,130204
41.9841,44,130204
41.9891,44,130204
41.9939,44,130204
41.9987,44,130204
42.0036,44,130204
42.0085,45,133232
42.0148,44,130204
42.0192,44,130204
42.0236,44,130204
42.0284,44,131718
42.0327,45,133232
42.0370,45,133232
42.0413,45,133232
42.0458,45,133232
42.0501,45,133232
42.0549,44,130204
42.0599,45,133232
42.0649,45,133232
42.0699,45,133232
42.0749,45,133232
42.0799,45,133232
42.0849,45,133232
42.0899,45,133232
42.0949,45,133232
42.0999,45,133232
42.1055,45,133232
42.1099,45,133232
42.1149,44,130204
42.1199,45,133232
42.1249,45,133232
42.1299,45,133232
42.1349,47,137774
42.1399,46,136260
42.1449,46,136260
42.1499,46,136260
42.1549,46,136260
42.1599,46,136260
42.1661,46,136260
42.1707,46,136260
42.1755,46,136260
42.1803,46,136260
42.1858,46,136260
42.1903,46,136260
42.1949,46,136260
42.2007,46,136260
42.2052,46,136260
42.2099,46,136260
42.2149,46,136260
42.2199,46,136260
42.2249,47,139288
42.2299,47,139288
42.2349,47,139288
42.2399,48,140802
42.2455,48,140802
42.2499,47,139288
42.2549,47,139288
42.2599,47,139288
42.2649,47,139288
42.2699,47,139288
42.2749,47,139288
42.2799,47,139288
42.2849,47,139288
42.2910,47,139288
42.2954,47,139288
42.2999,47,139288
42.3049,47,139288
42.3099,47,139288
42.3149,47,139288
42.3199,47,139288
42.3249,47,139288
42.3299,47,139288
42.3349,48,142316
42.3402,48,142316
42.3448,49,143830
42.3499,49,143830
42.3549,49,143830
42.3599,48,142316
42.3649,48,142316
42.3699,48,142316
42.3749,48,142316
42.3799,48,142316
42.3849,48,142316
42.3899,48,142316
42.3949,48,142316
42.4010,47,139288
42.4057,48,142316
42.4102,48,142316
42.4151,48,142316
42.4199,48,142316
42.4249,48,142316
42.4299,47,139288
42.4349,48,142316
42.4399,48,142316
42.4449,48,142316
42.4499,49,143830
42.4549,49,143830
42.4599,49,143830
42.4649,49,145344
42.4699,49,145344
42.4749,49,145344
42.4799,49,145344
42.4849,49,145344
42.4899,49,145344
42.4949,49,145344
42.4999,49,145344
42.5049,49,145344
42.5099,49,145344
42.5149,49,145344
42.5199,49,145344
42.5249,48,142316
42.5299,49,145344
42.5349,48,142316
42.5399,49,145344
42.5449,50,148372
42.5499,49,145344
42.5549,50,146858
42.5599,50,146858
42.5649,50,146858
42.5699,50,146858
42.5749,50,148372
42.5799,50,148372
42.5849,50,148372
42.5899,50,148372
42.5949,50,148372
42.5999,49,145344
42.6049,49,145344
42.6099,49,145344
42.6149,50,148372
42.6199,50,148372
42.6249,50,148372
42.6299,50,148372
42.6349,50,148372
42.6399,51,151400
42.6449,51,151400
42.6499,51,151400
42.6549,51,151400
42.6599,50,148372
42.6649,51,149886
42.6699,51,149886
42.6749,51,149886
42.6799,51,149886
42.6849,50,148372
42.6899,50,148372
42.6949,51,151400
42.6999,51,151400
42.7049,51,151400
42.7099,51,151400
42.7149,51,151400
42.7199,51,151400
42.7249,51,151400
42.7299,52,154428
42.7356,52,154428
42.7399,52,154428
42.7449,52,154428
42.7499,52,154428
42.7549,52,154428
42.7599,52,154428
42.7649,52,152914
42.7699,53,155942
42.7749,53,155942
42.7799,53,155942
42.7849,53,155942
42.7899,53,155942
42.7949,52,154428
42.7999,52,154428
42.8050,52,154428
42.8099,52,154428
42.8149,52,154428
42.8199,53,157456
42.8251,53,157456
42.8299,53,157456
42.8349,53,157456
42.8399,53,157456
42.8449,53,157456
42.8499,53,157456
42.8549,53,157456
42.8599,53,157456
42.8649,54,158970
42.8699,54,158970
42.8749,54,158970
42.8799,55,160484
42.8849,55,160484
42.8899,55,160484
42.8949,55,160484
42.8999,55,160484
42.9049,54,158970
42.9099,54,158970
42.9149,54,158970
42.9199,54,158970
42.9249,54,158970
42.9299,54,158970
42.9349,54,158970
42.9399,54,158970
42.9449,55,161998
42.9499,55,161998
42.9549,55,161998
42.9599,55,161998
42.9649,55,161998
42.9699,55,161998
42.9755,54,158970
42.9799,55,161998
42.9849,54,158970
42.9899,55,161998
42.9949,55,161998
42.9999,55,161998
43.0049,55,161998
43.0099,55,163512
43.0149,55,163512
43.0199,55,163512
43.0249,55,163512
43.0299,55,163512
43.0349,55,163512
43.0399,55,163512
43.0449,55,163512
43.0499,55,163512
43.0549,55,163512
43.0599,56,166540
43.0649,55,163512
43.0699,56,165026
43.0749,55,161998
43.0799,55,161998
43.0849,56,165026
43.0899,56,165026
43.0949,55,161998
43.1000,56,165026
43.1049,56,165026
43.1099,56,165026
43.1149,56,165026
43.1199,56,166540
43.1249,56,166540
43.1299,56,168054
43.1349,55,165026
43.1399,56,168054
43.1449,56,168054
43.1499,56,168054
43.1549,56,168054
43.1599,56,168054
43.1649,57,171082
43.1699,57,171082
43.1749,58,172596
43.1799,58,172596
43.1849,58,172596
43.1899,58,172596
43.1949,58,172596
43.1999,58,172596
43.2049,57,169568
43.2099,57,169568
43.2149,58,172596
43.2199,58,172596
43.2249,57,169568
43.2299,57,169568
43.2351,57,169568
43.2399,57,169568
43.2449,57,169568
43.2499,58,172596
43.2549,58,172596
43.2599,58,172596
43.2649,58,172596
43.2699,58,172596
43.2749,58,172596
43.2799,58,171082
43.2849,58,171082
43.2899,59,174110
43.2949,59,174110
43.2999,59,174110
43.3049,0,0
43.3099,59,174110
43.3149,0,0
43.3199,0,0
43.3249,0,0
43.3299,0,0
43.3349,0,0
43.3403,59,175624
43.3449,59,175624
43.3499,59,175624
43.3549,59,175624
43.3599,60,178652
43.3649,60,178652
43.3699,60,178652
43.3749,60,178652
43.3799,0,0
43.3849,0,0
43.3899,0,0
43.3949,61,180166
43.3999,61,180166
43.4049,61,180166
43.4099,61,180166
43.4149,61,180166
43.4199,61,180166
43.4249,61,180166
43.4299,62,183194
43.4349,62,183194
43.4399,62,183194
43.4449,62,183194
43.4499,61,181680
43.4549,61,181680
43.4599,61,181680
43.4649,61,181680
43.4699,61,181680
43.4749,61,181680
43.4799,62,183194
43.4849,62,183194
43.4899,62,183194
43.4949,62,183194
43.4999,62,183194
43.5049,62,183194
43.5099,62,183194
43.5149,62,183194
43.5199,62,183194
43.5249,62,183194
43.5299,62,183194
43.5349,63,186222
43.5399,63,186222
43.5449,63,186222
43.5499,62,183194
43.5549,62,184708
43.5599,62,184708
43.5649,63,187736
43.5699,63,187736
43.5749,63,187736
43.5799,63,187736
43.5849,63,186222
43.5899,63,186222
43.5949,64,189250
43.5999,64,189250
43.6049,64,189250
43.6099,63,186222
43.6149,63,186222
43.6199,64,189250
43.6249,64,189250
43.6299,64,189250
43.6349,64,189250
43.6399,63,186222
43.6449,63,186222
43.6499,63,186222
43.6549,63,186222
43.6599,63,186222
43.6649,63,187736
43.6699,63,187736
43.6749,63,187736
43.6799,63,187736
43.6849,63,186222
43.6899,63,186222
43.6951,64,189250
43.7007,64,189250
43.7055,64,189250
43.7100,64,189250
43.7149,64,189250
43.7199,64,189250
43.7249,64,189250
43.7299,64,189250
43.7349,64,189250
43.7399,64,189250
43.7449,64,189250
43.7499,64,187736
43.7549,64,187736
43.7604,64,187736
43.7652,63,184708
43.7699,63,184708
43.7749,62,183194
43.7799,63,186222
43.7849,64,189250
43.7899,64,189250
43.7949,64,189250
43.7999,64,189250
43.8049,64,189250
43.8099,64,189250
43.8149,64,189250
43.8199,64,189250
43.8249,64,189250
43.8299,64,189250
43.8349,64,189250
43.8399,64,189250
43.8449,64,189250
43.8499,64,189250
43.8549,64,189250
43.8599,64,189250
43.8651,64,189250
43.8699,64,189250
43.8749,64,189250
43.8799,64,189250
43.8849,63,186222
43.8899,63,186222
43.8949,63,186222
43.8999,63,186222
43.9049,64,189250
43.9099,64,189250
43.9149,64,189250
43.9199,64,189250
43.9249,64,189250
43.9299,64,189250
43.9349,64,189250
43.9399,64,189250
43.9449,64,189250
43.9499,64,189250
43.9549,64,189250
43.9599,64,189250
43.9649,64,189250
43.9699,64,189250
43.9749,64,189250
43.9799,64,189250
43.9849,64,189250
43.9899,63,187736
43.9949,63,187736
43.9999,63,187736
44.0049,63,187736
44.0099,63,187736
44.0149,63,187736
44.0199,64,190764
44.0249,64,190764
44.0299,64,190764
44.0349,64,190764
44.0399,64,190764
44.0449,64,189250
44.0499,64,189250
44.0549,63,186222
44.0599,63,184708
44.0649,63,184708
44.0699,63,183194
44.0749,64,183194
44.0799,64,183194
44.0849,64,181680
44.0899,64,180166
44.0949,64,180166
44.0999,64,178652
44.1049,64,178652
44.1099,0,0
44.1149,64,175624
44.1199,64,174110
44.1249,64,172596
44.1307,64,171082
44.1348,64,169568
44.1399,64,168054
44.1449,64,166540
44.1499,64,166540
44.1549,64,165026
44.1599,63,161998
44.1654,63,160484
44.1699,63,158970
44.1749,63,158970
44.1799,63,157456
44.1852,63,158970
44.1899,63,157456
44.1949,63,155942
44.1999,63,155942
44.2049,63,154428
44.2099,63,154428
44.2149,63,152914
44.2199,63,151400
44.2249,62,148372
44.2310,62,146858
44.2350,63,149886
44.2399,62,145344
44.2449,62,143830
44.2499,62,143830
44.2549,62,142316
44.2599,62,140802
44.2649,62,140802
44.2699,62,139288
44.2749,63,139288
44.2799,63,139288
44.2849,63,137774
44.2899,63,137774
44.2949,63,136260
44.2999,63,134746
44.3049,63,134746
44.3099,63,133232
44.3149,63,131718
44.3199,63,131718
44.3249,63,130204
44.3299,63,130204
44.3349,63,128690
44.3399,63,127176
44.3449,63,127176
44.3499,62,124148
44.3549,62,125662
44.3599,60,121120
44.3649,61,125662
44.3699,60,125662
44.3749,61,127176
44.3799,60,127176
44.3849,60,127176
44.3899,59,125662
44.3949,58,125662
44.3999,57,125662
44.4049,56,125662
44.4099,55,125662
44.4149,55,125662
44.4199,54,124148
44.4249,54,125662
44.4298,53,124148
44.4349,54,127176
44.4399,54,125662
44.4449,54,127176
44.4499,54,125662
44.4549,54,124148
44.4599,54,125662
44.4649,54,124148
44.4699,54,125662
44.4749,54,125662
44.4799,54,124148
44.4849,56,127176
44.4899,55,124148
44.4949,57,127176
44.4999,58,130204
44.5049,58,128690
44.5099,58,128690
44.5149,58,128690
44.5199,58,128690
44.5249,58,130204
44.5299,58,128690
44.5349,58,130204
44.5399,59,131718
44.5449,57,127176
44.5499,58,130204
44.5549,58,128690
44.5599,58,128690
44.5649,59,128690
44.5699,59,128690
44.5749,59,127176
44.5799,59,127176
44.5849,60,127176
44.5899,61,128690
44.5949,61,127176
44.5999,62,128690
44.6049,63,130204
44.6099,63,128690
44.6149,64,130204
44.6199,64,128690
44.6249,63,125662
44.6299,64,125662
44.6349,62,121120
44.6399,63,124148
44.6449,62,122634
44.6499,62,124148
44.6549,61,124148
44.6599,61,122634
44.6649,60,122634
44.6699,61,125662
44.6749,59,121120
44.6799,60,125662
44.6849,59,125662
44.6899,58,125662
44.6954,56,124148
44.6999,55,124148
44.7049,54,122634
44.7111,54,124148
44.7150,54,124148
44.7199,53,122634
44.7249,53,122634
44.7299,53,121120
44.7349,53,122634
44.7399,53,121120
44.7449,54,124148
44.7499,55,124148
44.7549,54,124148
44.7599,55,125662
44.7649,54,122634
44.7699,55,124148
44.7749,55,122634
44.7799,56,124148
44.7849,56,122634
44.7899,56,124148
44.7949,54,119606
44.7999,55,124148
44.8051,55,124148
44.8099,54,124148
44.8150,54,124148
44.8199,52,121120
44.8249,53,124148
44.8299,51,121120
44.8353,50,121120
44.8408,50,121120
44.8449,50,121120
44.8499,52,127176
44.8549,51,124148
44.8599,51,125662
44.8649,50,122634
44.8699,51,125662
44.8749,50,122634
44.8799,51,125662
44.8849,50,122634
44.8899,51,125662
44.8949,51,125662
44.9000,51,125662
44.9049,51,125662
44.9099,51,125662
44.9149,51,125662
44.9199,51,125662
44.9249,52,127176
44.9299,51,124148
44.9349,51,124148
44.9399,49,121120
44.9449,49,122634
44.9499,48,119606
44.9552,48,121120
44.9599,48,119606
44.9650,47,118092
44.9699,46,118092
44.9749,45,116578
44.9799,44,116578
44.9849,43,115064
44.9899,43,113550
44.9953,43,113550
44.9999,43,112036
45.0049,44,112036
45.0100,43,107494
45.0149,45,110522
45.0199,45,109008
45.0249,44,104466
45.0299,44,104466
45.0349,44,102952
45.0399,44,101438
45.0449,45,102952
45.0500,44,99924
45.0549,45,99924
45.0599,46,99924
45.0661,46,98410
45.0702,47,98410
45.0749,47,96896
45.0807,47,95382
45.0849,47,95382
45.0899,47,93868
45.0949,47,93868
45.0999,47,92354
45.1049,47,90840
45.1099,47,90840
45.1149,47,89326
45.1199,47,89326
45.1249,46,87812
45.1299,45,86298
45.1349,45,86298
45.1404,45,86298
45.1449,45,86298
45.1500,45,84784
45.1549,44,84784
45.1599,44,83270
45.1649,43,81756
45.1699,43,81756
45.1749,41,77214
45.1799,40,77214
45.1849,39,77214
45.1909,38,77214
45.1952,37,77214
45.2002,37,77214
45.2049,36,77214
45.2099,36,75700
45.2154,37,77214
45.2199,37,78728
45.2249,36,78728
45.2299,35,77214
45.2349,34,77214
45.2399,35,77214
45.2449,34,75700
45.2499,35,78728
45.2549,34,75700
45.2599,34,75700
45.2649,35,77214
45.2702,35,75700
45.2749,36,77214
45.2799,37,78728
45.2849,36,77214
45.2899,37,78728
45.2949,37,78728
45.2999,37,78728
45.3049,38,78728
45.3099,39,78728
45.3149,40,78728
45.3200,40,75700
45.3249,41,78728
45.3299,41,78728
45.3349,40,77214
45.3399,40,78728
45.3449,41,80242
45.3499,41,78728
45.3549,41,80242
45.3599,41,80242
45.3649,40,78728
45.3699,41,80242
45.3749,41,80242
45.3799,41,81756
45.3849,41,80242
45.3899,40,80242
45.3949,38,78728
45.3999,38,80242
45.4049,37,78728
45.4099,37,80242
45.4149,36,78728
45.4199,37,80242
45.4249,38,81756
45.4299,37,81756
45.4349,36,81756
45.4399,36,83270
45.4449,35,81756
45.4499,36,83270
45.4549,35,80242
45.4599,35,81756
45.4649,35,80242
45.4699,35,81756
45.4749,36,81756
45.4799,36,80242
45.4849,37,80242
45.4899,37,80242
45.4949,37,80242
45.4999,36,77214
45.5049,38,83270
45.5099,38,81756
45.5149,38,80242
45.5199,39,81756
45.5249,40,81756
45.5299,41,81756
45.5349,41,81756
45.5399,42,83270
45.5449,42,83270
45.5499,42,83270
45.5549,42,83270
45.5599,41,81756
45.5649,42,83270
45.5699,41,81756
45.5749,41,81756
45.5799,41,81756
45.5849,42,84784
45.5899,42,84784
45.5949,41,84784
45.5999,42,84784
45.6049,41,84784
45.6099,40,84784
45.6149,38,83270
45.6208,38,83270
45.6249,38,84784
45.6299,37,83270
45.6349,38,86298
45.6399,38,84784
45.6449,37,84784
45.6499,36,83270
45.6553,37,86298
45.6602,36,84784
45.6653,36,84784
45.6700,36,84784
45.6749,36,84784
45.6799,36,84784
45.6849,36,84784
45.6899,36,84784
45.6949,37,86298
45.6999,38,86298
45.7049,39,87812
45.7099,38,84784
45.7149,39,87812
45.7202,38,84784
45.7249,38,84784
45.7299,39,84784
45.7349,40,87812
45.7399,40,86298
45.7449,41,86298
45.7499,42,87812
45.7549,42,86298
45.7599,42,86298
45.7649,43,86298
45.7699,42,84784
45.7749,43,87812
45.7799,42,84784
45.7849,42,84784
45.7899,42,86298
45.7949,43,89326
45.7999,41,86298
45.8049,41,87812
45.8099,41,87812
45.8149,40,86298
45.8199,40,86298
45.8249,40,86298
45.8299,39,86298
45.8349,38,86298
45.8399,37,86298
45.8449,37,86298
45.8499,36,86298
45.8549,37,89326
45.8599,35,84784
45.8649,35,87812
45.8699,35,89326
45.8749,33,84784
45.8799,33,87812
45.8849,32,87812
45.8899,32,87812
45.8953,31,86298
45.9001,31,87812
45.9049,30,86298
45.9099,30,87812
45.9149,29,86298
45.9208,30,87812
45.9249,30,87812
45.9299,30,87812
45.9349,30,87812
45.9399,30,87812
45.9449,30,87812
45.9500,29,84784
45.9549,29,86298
45.9599,29,86298
45.9649,29,86298
45.9699,29,86298
45.9749,29,86298
45.9799,30,89326
45.9849,29,86298
45.9899,30,89326
45.9949,29,86298
45.9999,30,89326
46.0053,30,89326
46.0099,30,89326
46.0149,30,89326
46.0199,30,89326
46.0249,31,90840
46.0299,31,90840
46.0349,31,90840
46.0399,30,87812
46.0449,31,90840
46.0500,31,90840
46.0550,31,90840
46.0599,31,90840
46.0650,30,89326
46.0699,30,89326
46.0749,30,89326
46.0799,30,89326
46.0849,30,89326
46.0899,31,92354
46.0949,31,92354
46.1007,31,92354
46.1057,31,92354
46.1099,31,92354
46.1149,31,92354
46.1199,31,92354
46.1249,31,92354
46.1299,31,92354
46.1349,31,90840
46.1399,31,90840
46.1458,31,90840
46.1499,32,93868
46.1549,32,93868
46.1600,32,93868
46.1649,32,93868
46.1705,32,93868
46.1749,31,92354
46.1800,31,92354
46.1849,31,92354
46.1899,31,92354
46.1949,31,92354
46.1999,31,92354
46.2049,31,92354
46.2099,31,92354
46.2149,31,92354
46.2199,31,92354
46.2249,31,92354
46.2299,31,92354
46.2350,31,92354
46.2399,32,93868
46.2449,32,93868
46.2499,32,93868
46.2549,32,93868
46.2599,31,90840
46.2654,31,90840
46.2699,31,90840
46.2749,31,90840
46.2799,31,92354
46.2849,31,92354
46.2899,31,92354
46.2950,31,92354
46.2999,31,92354
46.3049,31,92354
46.3099,31,92354
46.3149,31,92354
46.3199,32,95382
46.3258,32,95382
46.3308,32,95382
46.3351,31,92354
46.3399,32,95382
46.3449,31,92354
46.3499,31,90840
46.3549,31,90840
46.3599,32,93868
46.3669,32,93868
46.3711,32,93868
46.3753,32,93868
46.3799,32,93868
46.3849,32,93868
46.3899,32,95382
46.3961,32,95382
46.4006,31,92354
46.4049,32,95382
46.4099,32,95382
46.4149,32,95382
46.4199,32,95382
46.4249,31,92354
46.4299,32,95382
46.4349,31,92354
46.4399,32,95382
46.4449,32,95382
46.4499,33,96896
46.4549,33,96896
46.4599,33,96896
46.4649,33,96896
46.4699,33,96896
46.4749,32,93868
46.4799,32,93868
46.4849,32,93868
46.4899,32,93868
46.4949,32,93868
46.4999,31,92354
46.5049,31,92354
46.5099,31,92354
46.5149,32,95382
46.5199,32,95382
46.5249,32,95382
46.5299,32,95382
46.5349,32,95382
46.5399,32,95382
46.5449,32,95382
46.5506,32,95382
46.5549,33,98410
46.5599,33,96896
46.5649,33,96896
46.5699,33,96896
46.5749,33,96896
46.5799,33,96896
46.5849,32,93868
46.5899,33,96896
46.5949,34,99924
46.5999,34,99924
46.6049,34,99924
46.6099,33,98410
46.6149,33,98410
46.6199,33,98410
46.6249,33,98410
46.6300,33,98410
46.6349,33,98410
46.6399,33,98410
46.6449,33,98410
46.6499,33,98410
46.6549,33,98410
46.6598,33,98410
46.6649,33,98410
46.6699,33,96896
46.6749,33,96896
46.6799,33,96896
46.6849,33,96896
46.6899,33,96896
46.6949,34,99924
46.6999,34,99924
46.7049,34,99924
46.7099,34,99924
46.7149,34,99924
46.7199,33,98410
46.7249,33,98410
46.7310,33,98410
46.7358,33,98410
46.7403,33,98410
46.7449,33,98410
46.7499,33,98410
46.7549,33,98410
46.7599,33,98410
46.7649,33,98410
46.7699,33,98410
46.7749,34,99924
46.7799,34,99924
46.7849,34,99924
46.7899,34,99924
46.7949,34,99924
46.7999,34,99924
46.8049,34,99924
46.8099,34,99924
46.8149,33,96896
46.8199,33,96896
46.8249,33,98410
46.8299,33,98410
46.8349,33,98410
46.8399,33,98410
46.8449,33,98410
46.8499,33,98410
46.8549,33,98410
46.8599,33,98410
46.8648,33,98410
46.8699,33,98410
46.8749,33,98410
46.8799,33,98410
46.8849,33,96896
46.8899,33,96896
46.8949,33,96896
46.8999,34,99924
46.9049,34,99924
46.9101,33,96896
46.9149,33,96896
46.9199,33,96896
46.9249,33,96896
46.9299,33,96896
46.9349,33,98410
46.9399,33,98410
46.9449,33,98410
46.9499,33,98410
46.9549,33,98410
46.9599,33,98410
46.9649,33,98410
46.9704,33,98410
46.9752,33,98410
46.9799,33,98410
46.9849,33,98410
46.9899,34,99924
46.9949,34,99924
46.9999,34,99924
47.0049,34,99924
47.0099,34,99924
47.0149,34,99924
47.0199,33,96896
47.0249,34,99924
47.0299,34,99924
47.0349,35,102952
47.0412,35,102952
47.0461,34,101438
47.0519,34,101438
47.0568,34,101438
47.0618,34,101438
47.0668,34,101438
47.0717,34,101438
47.0766,34,101438
47.0814,34,101438
47.0864,34,101438
47.0920,33,98410
47.0983,33,98410
47.1034,34,99924
47.1083,34,99924
47.1132,34,99924
47.1182,34,99924
47.1242,34,99924
47.1291,33,96896
47.1341,34,99924
47.1392,34,99924
47.1443,34,99924
47.1494,35,102952
47.1551,34,101438
47.1605,34,101438
47.1653,34,101438
47.1699,34,101438
47.1751,34,101438
47.1799,34,101438
47.1845,34,101438
47.1891,34,101438
47.1939,34,101438
47.1986,34,101438
47.2029,34,101438
47.2079,34,99924
47.2127,34,99924
47.2174,34,99924
47.2227,34,99924
47.2271,34,99924
47.2320,34,99924
47.2379,34,99924
47.2423,34,99924
47.2468,34,99924
47.2523,34,99924
47.2571,34,99924
47.2621,34,101438
47.2667,34,101438
47.2716,34,101438
47.2764,34,101438
47.2808,34,101438
47.2854,34,101438
47.2909,34,101438
47.2955,33,98410
47.3017,33,98410
47.3067,33,98410
47.3112,35,102952
47.3168,35,102952
47.3213,35,102952
47.3262,35,102952
47.3310,34,99924
47.3353,35,102952
47.3401,35,102952
47.3449,35,102952
47.3511,34,99924
47.3572,34,99924
47.3616,34,99924
47.3665,34,99924
47.3710,34,101438
47.3756,34,101438
47.3803,34,101438
47.3849,34,101438
47.3899,34,101438
47.3949,34,101438
47.3999,34,101438
47.4049,34,101438
47.4099,34,101438
47.4149,34,101438
47.4199,34,101438
47.4249,34,99924
47.4299,35,102952
47.4356,35,102952
47.4398,34,99924
47.4449,34,99924
47.4499,35,102952
47.4549,34,99924
47.4599,34,99924
47.4649,34,99924
47.4699,34,99924
47.4749,34,99924
47.4799,34,101438
47.4850,34,101438
47.4900,35,104466
47.4949,35,104466
47.5000,35,104466
47.5049,35,104466
47.5099,35,104466
47.5149,35,104466
47.5201,34,101438
47.5249,35,104466
47.5299,35,102952
47.5349,35,102952
47.5399,35,102952
47.5449,35,102952
47.5499,35,102952
47.5549,35,102952
47.5599,35,102952
47.5649,34,99924
47.5699,35,102952
47.5750,35,102952
47.5799,35,102952
47.5850,35,102952
47.5902,35,104466
47.5952,35,104466
47.6002,35,104466
47.6053,35,104466
47.6103,35,104466
47.6152,35,104466
47.6202,35,104466
47.6250,35,104466
47.6300,35,104466
47.6350,35,104466
47.6398,35,102952
47.6449,35,102952
47.6499,35,102952
47.6551,35,102952
47.6599,35,102952
47.6649,35,102952
47.6712,35,102952
47.6761,36,105980
47.6810,35,102952
47.6878,35,102952
47.6927,35,102952
47.6993,35,104466
47.7045,35,104466
47.7112,35,104466
47.7162,35,104466
47.7212,35,104466
47.7261,35,104466
47.7311,35,104466
47.7361,35,104466
47.7411,35,104466
47.7461,35,104466
47.7511,35,102952
47.7574,35,102952
47.7624,35,102952
47.7673,35,102952
47.7722,35,102952
47.7784,35,102952
47.7850,36,105980
47.7899,36,105980
47.7949,36,105980
47.8001,36,105980
47.8049,36,105980
47.8098,35,104466
47.8147,35,104466
47.8203,35,104466
47.8251,35,104466
47.8301,35,104466
47.8351,35,104466
47.8398,35,104466
47.8447,35,104466
47.8495,35,104466
47.8544,35,104466
47.8593,35,102952
47.8644,35,102952
47.8693,35,102952
47.8741,35,102952
47.8792,35,102952
47.8841,35,102952
47.8890,35,102952
47.8938,36,105980
47.8986,36,105980
47.9037,35,102952
47.9097,35,102952
47.9146,35,104466
47.9196,35,104466
47.9245,35,104466
47.9293,35,104466
47.9346,35,104466
47.9395,35,104466
47.9444,35,104466
47.9492,35,104466
47.9541,35,104466
47.9590,35,104466
47.9635,35,104466
47.9681,35,102952
47.9726,35,102952
47.9771,35,102952
47.9816,35,102952
47.9868,35,102952
47.9919,35,102952
47.9967,35,102952
48.0016,34,99924
48.0066,35,102952
48.0134,36,105980
48.0182,36,105980
48.0227,36,105980
48.0276,35,104466
48.0319,35,104466
48.0368,35,104466
48.0413,35,104466
48.0463,35,104466
48.0511,35,104466
48.0559,35,104466
48.0606,35,104466
48.0650,35,104466
48.0697,35,104466
48.0742,35,104466
48.0800,35,102952
48.0847,35,102952
48.0894,35,102952
48.0943,35,102952
48.1000,35,102952
48.1046,35,102952
48.1094,35,102952
48.1142,35,102952
48.1192,35,102952
48.1239,35,102952
48.1287,35,102952
48.1336,35,104466
48.1381,35,104466
48.1429,35,104466
48.1478,35,104466
48.1527,35,104466
48.1574,35,104466
48.1622,35,104466
48.1667,35,104466
48.1710,35,104466
48.1756,35,104466
48.1804,35,104466
48.1851,35,102952
48.1899,35,102952
48.1949,35,102952
48.1999,35,102952
48.2049,35,102952
48.2099,35,102952
48.2149,35,102952
48.2199,34,99924
48.2249,35,102952
48.2299,36,105980
48.2349,36,105980
48.2399,36,105980
48.2450,35,104466
48.2499,35,104466
48.2549,35,104466
48.2603,35,104466
48.2649,35,104466
48.2699,35,104466
48.2749,35,104466
48.2799,35,104466
48.2849,35,104466
48.2899,35,104466
48.2949,35,102952
48.2999,35,102952
48.3049,35,102952
48.3099,35,102952
48.3149,35,102952
48.3199,35,102952
48.3249,35,102952
48.3299,36,105980
48.3349,36,105980
48.3399,36,105980
48.3449,36,105980
48.3499,36,105980
48.3549,35,104466
48.3599,35,104466
48.3655,35,104466
48.3699,35,104466
48.3749,35,104466
48.3799,35,104466
48.3851,35,104466
48.3899,35,104466
48.3949,35,104466
48.3999,35,104466
48.4049,35,102952
48.4099,35,102952
48.4149,35,102952
48.4199,35,102952
48.4249,35,102952
48.4299,35,102952
48.4349,35,102952
48.4399,36,105980
48.4449,36,105980
48.4499,36,105980
48.4549,35,102952
48.4599,35,104466
48.4649,35,104466
48.4699,35,104466
48.4749,35,104466
48.4799,35,104466
48.4849,35,104466
48.4899,35,104466
48.4949,35,104466
48.4999,35,104466
48.5049,34,101438
48.5099,35,104466
48.5157,34,99924
48.5199,35,102952
48.5249,34,99924
48.5299,34,99924
48.5349,34,99924
48.5400,35,102952
48.5449,34,99924
48.5498,35,102952
48.5549,35,102952
48.5599,35,102952
48.5649,35,102952
48.5699,35,104466
48.5749,35,104466
48.5799,35,104466
48.5849,35,104466
48.5900,35,104466
48.5949,35,104466
48.5999,35,104466
48.6049,35,104466
48.6099,34,101438
48.6149,34,101438
48.6199,35,102952
48.6249,35,102952
48.6299,35,102952
48.6349,35,102952
48.6399,35,102952
48.6449,35,102952
48.6499,35,102952
48.6549,34,99924
48.6599,35,102952
48.6649,35,102952
48.6699,35,102952
48.6749,35,102952
48.6799,35,104466
48.6849,35,104466
48.6899,35,104466
48.6949,34,101438
48.6999,35,104466
48.7049,35,104466
48.7099,35,104466
48.7161,35,104466
48.7199,35,104466
48.7249,35,104466
48.7299,35,102952
48.7349,35,102952
48.7399,35,102952
48.7449,35,102952
48.7499,35,102952
48.7549,35,102952
48.7599,35,102952
48.7649,34,99924
48.7699,35,102952
48.7749,35,102952
48.7799,36,105980
48.7849,36,105980
48.7899,35,104466
48.7959,35,104466
48.8014,35,104466
48.8053,35,104466
48.8099,35,104466
48.8149,35,104466
48.8199,35,104466
48.8249,35,104466
48.8299,35,104466
48.8349,35,104466
48.8399,35,102952
48.8449,35,102952
48.8499,35,102952
48.8549,35,102952
48.8599,35,102952
48.8649,35,102952
48.8699,35,102952
48.8749,36,105980
48.8799,36,105980
48.8849,36,105980
48.8899,36,105980
48.8949,36,105980
48.8999,35,104466
48.9049,35,104466
48.9099,35,104466
48.9149,35,104466
48.9199,35,104466
48.9249,35,104466
48.9299,35,104466
48.9349,35,104466
48.9399,35,104466
48.9449,35,104466
48.9499,35,102952
48.9549,35,102952
48.9599,35,102952
48.9649,35,102952
48.9699,35,102952
48.9749,35,102952
48.9799,35,102952
48.9849,36,105980
48.9899,35,102952
48.9959,35,102952
49.0007,35,102952
49.0054,35,104466
49.0103,35,104466
49.0149,35,104466
49.0202,35,104466
49.0251,35,104466
49.0300,35,104466
49.0349,35,104466
49.0399,35,104466
49.0449,35,104466
49.0499,35,104466
49.0548,35,104466
49.0599,35,102952
49.0649,35,102952
49.0707,35,102952
49.0756,35,102952
49.0805,35,102952
49.0853,35,102952
49.0902,34,99924
49.0951,35,102952
49.1005,35,102952
49.1052,35,102952
49.1119,36,105980
49.1165,35,104466
49.1213,35,104466
49.1259,35,104466
49.1304,34,101438
49.1354,35,104466
49.1413,35,104466
49.1467,35,104466
49.1511,35,104466
49.1558,35,104466
49.1602,35,104466
49.1659,35,102952
49.1702,35,102952
49.1756,35,102952
49.1804,35,102952
49.1851,35,102952
49.1899,35,102952
49.1950,35,102952
49.1999,34,99924
49.2049,35,102952
49.2099,35,102952
49.2149,35,102952
49.2199,35,102952
49.2249,35,104466
49.2299,34,101438
49.2349,34,101438
49.2399,35,104466
49.2449,35,104466
49.2499,35,104466
49.2549,35,104466
49.2599,35,104466
49.2649,35,104466
49.2699,35,104466
49.2754,35,102952
49.2801,35,102952
49.2849,35,102952
49.2913,35,102952
49.2961,35,102952
49.3010,35,102952
49.3058,35,102952
49.3102,36,105980
49.3160,36,105980
49.3208,36,105980
49.3252,36,105980
49.3299,36,105980
49.3360,35,104466
49.3404,35,104466
49.3449,35,104466
49.3499,35,104466
49.3549,35,104466
49.3599,35,104466
49.3649,35,104466
49.3699,35,104466
49.3748,35,104466
49.3809,35,104466
49.3872,35,102952
49.3937,35,102952
49.3986,35,102952
49.4028,35,102952
49.4081,35,102952
49.4143,35,102952
49.4186,34,99924
49.4231,35,102952
49.4278,35,102952
49.4322,35,102952
49.4366,35,102952
49.4409,35,104466
49.4457,35,104466
49.4501,35,104466
49.4551,35,104466
49.4599,35,104466
49.4649,35,104466
49.4699,35,104466
49.4749,35,104466
49.4799,35,104466
49.4849,35,104466
49.4899,35,104466
49.4956,35,102952
49.5000,35,102952
49.5049,35,102952
49.5099,35,102952
49.5149,35,102952
49.5199,35,102952
49.5249,35,102952
49.5299,36,105980
49.5349,36,105980
49.5399,36,105980
49.5449,35,102952
49.5499,36,105980
49.5549,35,104466
49.5599,35,104466
49.5649,35,104466
49.5699,35,104466
49.5749,35,104466
49.5799,35,104466
49.5849,35,104466
49.5899,35,104466
49.5949,35,104466
49.5999,35,104466
49.6049,34,99924
49.6099,35,102952
49.6149,35,102952
49.6200,34,99924
49.6249,34,99924
49.6299,35,102952
49.6349,34,99924
49.6398,35,102952
49.6449,35,102952
49.6499,35,102952
49.6549,35,102952
49.6599,35,104466
49.6649,35,104466
49.6699,35,104466
49.6749,35,104466
49.6799,35,104466
49.6849,35,104466
49.6899,35,104466
49.6949,35,104466
49.6999,34,101438
49.7049,34,101438
49.7100,35,102952
49.7149,35,102952
49.7199,35,102952
49.7249,35,102952
49.7312,35,102952
49.7356,35,102952
49.7400,35,102952
49.7449,34,99924
49.7499,35,102952
49.7549,35,102952
49.7599,35,102952
49.7649,35,102952
49.7700,34,101438
49.7749,34,101438
49.7799,34,101438
49.7849,34,101438
49.7899,35,104466
49.7949,35,104466
49.7999,35,104466
49.8049,35,104466
49.8099,35,104466
49.8149,35,104466
49.8199,35,102952
49.8249,35,102952
49.8299,35,102952
49.8349,35,102952
49.8399,35,102952
49.8449,35,102952
49.8499,35,102952
49.8549,35,102952
49.8599,35,102952
49.8649,36,105980
49.8699,36,105980
49.8749,36,105980
49.8799,35,104466
49.8855,35,104466
49.8906,35,104466
49.8951,35,104466
49.8999,35,104466
49.9049,35,104466
49.9099,35,104466
49.9149,35,104466
49.9199,35,104466
49.9249,35,104466
49.9299,35,102952
49.9349,35,102952
49.9399,35,102952
49.9449,35,102952
49.9504,35,102952
49.9551,35,102952
49.9599,35,102952
49.9649,36,105980
49.9699,36,105980
49.9749,36,105980
49.9799,36,105980
49.9849,36,105980
49.9899,35,104466
49.9949,35,104466
49.9999,35,104466
50.0049,35,104466
50.0099,35,104466
50.0149,35,104466
50.0199,35,104466
50.0255,35,104466
50.0299,35,104466
50.0349,35,104466
50.0399,35,102952
50.0449,35,102952
50.0499,35,102952
50.0549,35,102952
50.0599,35,102952
50.0649,35,102952
50.0699,36,105980
50.0749,36,105980
50.0799,36,105980
50.0849,35,102952
50.0899,35,102952
50.0950,35,104466
50.1011,35,104466
50.1054,35,104466
50.1099,35,104466
50.1149,35,104466
50.1199,35,104466
50.1249,35,104466
50.1299,35,104466
50.1351,35,104466
50.1403,35,104466
50.1449,36,105980
50.1499,36,105980
50.1549,36,105980
50.1599,36,105980
50.1649,35,102952
50.1699,36,105980
50.1749,35,102952
50.1799,35,102952
50.1849,35,102952
50.1898,35,102952
50.1949,35,102952
50.1999,35,102952
50.2049,35,104466
50.2099,35,104466
50.2149,35,104466
50.2199,35,104466
50.2249,34,101438
50.2304,34,101438
50.2349,35,104466
50.2399,35,104466
50.2449,34,101438
50.2499,34,101438
50.2549,35,102952
50.2609,36,105980
50.2651,36,105980
50.2699,36,105980
50.2749,36,105980
50.2799,36,105980
50.2849,36,105980
50.2905,35,102952
50.2948,35,102952
50.2999,35,102952
50.3049,35,102952
50.3099,35,102952
50.3149,35,104466
50.3199,34,101438
50.3249,34,101438
50.3299,35,104466
50.3349,35,104466
50.3399,35,104466
50.3449,35,104466
50.3516,35,104466
50.3561,35,104466
50.3604,36,105980
50.3648,36,105980
50.3699,36,105980
50.3749,36,105980
50.3810,36,105980
50.3854,36,105980
50.3900,36,105980
50.3949,36,105980
50.4005,36,105980
50.4068,36,105980
50.4118,36,105980
50.4165,37,109008
50.4211,37,109008
50.4254,36,107494
50.4299,36,107494
50.4349,36,107494
50.4399,36,107494
50.4449,36,107494
50.4499,36,107494
50.4549,36,107494
50.4599,36,107494
50.4649,36,107494
50.4699,36,105980
50.4749,36,105980
50.4799,36,105980
50.4849,36,105980
50.4899,36,105980
50.4949,36,105980
50.4999,36,105980
50.5049,36,105980
50.5099,37,109008
50.5149,37,109008
50.5199,37,109008
50.5249,37,109008
50.5299,37,109008
50.5349,36,107494
50.5399,36,107494
50.5449,36,107494
50.5499,36,107494
50.5549,36,107494
50.5599,36,107494
50.5649,36,107494
50.5699,36,107494
50.5749,36,107494
50.5799,36,105980
50.5849,36,105980
50.5899,36,105980
50.5949,36,105980
50.5999,36,105980
50.6049,36,105980
50.6099,36,105980
50.6149,36,105980
50.6199,37,109008
50.6249,37,109008
50.6299,36,105980
50.6349,37,109008
50.6399,36,107494
50.6449,36,107494
50.6500,36,107494
50.6549,36,107494
50.6599,36,107494
50.6649,36,107494
50.6706,36,107494
50.6749,36,107494
50.6799,36,107494
50.6849,37,109008
50.6899,37,109008
50.6949,37,109008
50.6999,37,109008
50.7049,37,109008
50.7099,37,109008
50.7149,37,109008
50.7209,37,109008
50.7251,37,107494
50.7299,37,107494
50.7349,37,107494
50.7399,37,107494
50.7449,37,107494
50.7507,37,109008
50.7549,37,109008
50.7599,37,109008
50.7649,37,109008
50.7699,37,109008
50.7749,37,109008
50.7799,37,109008
50.7849,36,105980
50.7899,36,105980
50.7949,36,105980
50.7999,36,105980
50.8049,37,109008
50.8099,37,109008
50.8149,37,109008
50.8200,37,109008
50.8249,37,109008
50.8299,37,109008
50.8349,36,105980
50.8399,36,105980
50.8449,36,105980
50.8499,36,105980
50.8549,36,105980
50.8599,36,107494
50.8649,35,104466
50.8699,35,104466
50.8749,35,104466
50.8799,36,107494
50.8849,36,107494
50.8899,36,107494
50.8949,36,107494
50.9000,37,110522
50.9049,37,110522
50.9108,37,110522
50.9151,37,110522
50.9199,37,110522
50.9249,37,110522
50.9299,37,110522
50.9349,37,110522
50.9400,36,107494
50.9449,35,104466
50.9499,36,107494
50.9549,36,107494
50.9599,37,110522
50.9649,37,110522
50.9699,37,110522
50.9749,37,110522
50.9799,37,110522
50.9849,36,107494
50.9899,36,107494
50.9949,36,107494
50.9999,36,107494
51.0049,36,107494
51.0099,37,109008
51.0149,37,109008
51.0199,37,109008
51.0249,37,109008
51.0299,37,109008
51.0349,38,112036
51.0399,38,112036
51.0449,38,112036
51.0499,38,112036
51.0549,38,112036
51.0599,38,112036
51.0649,38,112036
51.0699,38,112036
51.0749,38,112036
51.0799,37,110522
51.0849,37,110522
51.0899,37,110522
51.0949,37,110522
51.0999,37,110522
51.1049,37,110522
51.1099,37,110522
51.1149,37,110522
51.1199,37,109008
51.1249,37,109008
51.1299,37,109008
51.1349,37,109008
51.1399,37,109008
51.1449,37,109008
51.1499,37,109008
51.1549,37,109008
51.1599,38,112036
51.1649,38,112036
51.1699,38,112036
51.1749,38,112036
51.1799,37,109008
51.1849,37,110522
51.1899,37,110522
51.1949,37,110522
51.1999,37,110522
51.2049,37,110522
51.2099,37,110522
51.2149,37,110522
51.2199,37,110522
51.2249,38,112036
51.2299,38,112036
51.2349,38,112036
51.2399,38,112036
51.2449,38,112036
51.2499,38,112036
51.2555,38,112036
51.2599,37,109008
51.2649,38,112036
51.2699,37,109008
51.2749,37,109008
51.2799,37,109008
51.2849,37,109008
51.2899,37,109008
51.2949,38,113550
51.2999,38,113550
51.3049,38,113550
51.3099,38,113550
51.3149,38,113550
51.3199,38,113550
51.3249,38,113550
51.3299,37,110522
51.3349,38,112036
51.3399,37,109008
51.3449,38,112036
51.3499,38,112036
51.3549,38,112036
51.3599,38,112036
51.3649,38,112036
51.3699,38,112036
51.3749,38,112036
51.3799,37,109008
51.3849,38,112036
51.3899,38,112036
51.3949,38,112036
51.3999,38,112036
51.4049,38,113550
51.4099,38,113550
51.4149,38,113550
51.4199,37,110522
51.4249,37,110522
51.4299,38,113550
51.4349,39,115064
51.4399,39,115064
51.4449,39,115064
51.4499,39,115064
51.4549,39,115064
51.4599,39,115064
51.4649,39,115064
51.4699,39,115064
51.4749,39,115064
51.4800,39,115064
51.4849,39,115064
51.4899,38,112036
51.4949,38,112036
51.4999,38,112036
51.5049,39,115064
51.5099,39,115064
51.5149,38,113550
51.5199,38,113550
51.5249,38,113550
51.5299,38,113550
51.5349,38,113550
51.5399,38,113550
51.5450,39,115064
51.5499,39,115064
51.5549,39,115064
51.5599,39,115064
51.5649,39,115064
51.5699,39,115064
51.5749,39,115064
51.5799,39,115064
51.5849,39,115064
51.5900,39,115064
51.5949,39,115064
51.5999,40,118092
51.6049,40,118092
51.6107,40,118092
51.6149,40,118092
51.6199,39,116578
51.6250,39,116578
51.6299,39,116578
51.6349,39,116578
51.6399,39,116578
51.6449,39,116578
51.6499,39,116578
51.6549,39,115064
51.6599,39,115064
51.6649,39,115064
51.6700,39,115064
51.6749,39,115064
51.6799,39,115064
51.6849,39,115064
51.6899,39,115064
51.6949,39,115064
51.6999,40,118092
51.7049,40,118092
51.7099,40,118092
51.7149,40,118092
51.7199,40,118092
51.7249,39,115064
51.7299,39,116578
51.7359,39,116578
51.7401,39,116578
51.7449,39,116578
51.7509,39,116578
51.7551,39,116578
51.7599,40,118092
51.7649,40,118092
51.7699,40,118092
51.7749,40,118092
51.7801,40,118092
51.7849,40,118092
51.7899,40,118092
51.7955,39,115064
51.8003,39,115064
51.8049,39,115064
51.8099,39,115064
51.8149,39,115064
51.8199,40,118092
51.8249,40,118092
51.8299,40,118092
51.8349,40,118092
51.8399,40,119606
51.8462,39,116578
51.8507,40,119606
51.8552,40,119606
51.8599,40,119606
51.8649,40,119606
51.8699,40,118092
51.8749,40,118092
51.8799,40,118092
51.8849,39,115064
51.8899,40,118092
51.8949,40,118092
51.8999,41,121120
51.9049,41,121120
51.9099,41,121120
51.9149,41,121120
51.9199,41,121120
51.9249,40,118092
51.9301,40,118092
51.9349,40,118092
51.9400,40,118092
51.9449,40,118092
51.9499,40,119606
51.9549,40,119606
51.9599,39,116578
51.9649,39,116578
51.9699,41,121120
51.9749,41,121120
51.9799,41,121120
51.9849,41,121120
51.9900,41,121120
51.9949,41,121120
51.9999,41,121120
52.0049,41,121120
52.0099,41,121120
52.0149,41,121120
52.0199,41,121120
52.0249,41,121120
52.0299,41,121120
52.0354,42,124148
52.0411,42,124148
52.0452,42,124148
52.0499,42,124148
52.0549,42,124148
52.0599,41,122634
52.0649,41,122634
52.0699,41,122634
52.0749,41,122634
52.0799,42,124148
52.0853,42,124148
52.0901,42,124148
52.0949,42,124148
52.0999,42,124148
52.1049,42,124148
52.1099,42,124148
52.1149,42,124148
52.1199,42,124148
52.1249,42,124148
52.1299,42,124148
52.1349,42,124148
52.1399,42,124148
52.1457,42,124148
52.1499,42,124148
52.1549,42,124148
52.1599,42,124148
52.1649,42,124148
52.1699,41,122634
52.1749,42,125662
52.1799,42,125662
52.1849,42,124148
52.1899,42,124148
52.1949,42,124148
52.1999,42,124148
52.2049,42,124148
52.2099,42,124148
52.2149,42,124148
52.2199,42,124148
52.2249,42,124148
52.2299,42,124148
52.2349,42,124148
52.2399,42,124148
52.2449,42,124148
52.2499,43,127176
52.2549,43,127176
52.2599,43,127176
52.2649,43,127176
52.2699,43,127176
52.2749,43,127176
52.2799,42,125662
52.2849,42,125662
52.2899,43,127176
52.2949,43,127176
52.2999,43,127176
52.3049,43,127176
52.3106,43,127176
52.3149,43,127176
52.3199,43,127176
52.3249,43,127176
52.3299,43,127176
52.3349,43,127176
52.3399,43,127176
52.3449,43,127176
52.3500,42,124148
52.3549,42,124148
52.3599,42,124148
52.3649,43,127176
52.3699,43,127176
52.3749,43,127176
52.3799,43,127176
52.3849,43,128690
52.3899,43,128690
52.3949,44,130204
52.3999,44,130204
52.4049,44,130204
52.4099,44,130204
52.4149,44,130204
52.4199,44,130204
52.4251,43,127176
52.4299,43,127176
52.4349,43,127176
52.4399,44,130204
52.4455,44,130204
52.4499,44,130204
52.4549,44,130204
52.4599,44,130204
52.4649,44,130204
52.4699,44,130204
52.4749,44,130204
52.4799,44,130204
52.4849,44,130204
52.4899,44,130204
52.4949,44,131718
52.4999,44,131718
52.5049,43,127176
52.5099,43,127176
52.5149,43,127176
52.5199,43,127176
52.5249,44,130204
52.5299,44,130204
52.5349,45,133232
52.5399,45,133232
52.5449,45,133232
52.5499,45,133232
52.5554,45,133232
52.5599,45,133232
52.5649,45,133232
52.5699,45,133232
52.5749,45,133232
52.5799,44,130204
52.5849,44,130204
52.5899,44,130204
52.5949,44,130204
52.5999,45,133232
52.6049,45,133232
52.6099,45,133232
52.6149,45,133232
52.6199,45,133232
52.6249,45,133232
52.6300,45,133232
52.6349,45,133232
52.6399,45,133232
52.6458,45,133232
52.6506,45,133232
52.6560,45,133232
52.6606,45,133232
52.6649,45,133232
52.6701,45,133232
52.6749,46,136260
52.6799,46,136260
52.6849,46,136260
52.6899,46,136260
52.6949,46,136260
52.6999,46,136260
52.7049,46,136260
52.7099,47,137774
52.7149,46,136260
52.7199,46,136260
52.7249,46,136260
52.7303,46,136260
52.7349,46,136260
52.7399,46,136260
52.7464,46,136260
52.7508,46,136260
52.7556,46,136260
52.7603,46,136260
52.7649,46,136260
52.7700,46,136260
52.7751,46,136260
52.7799,46,136260
52.7849,46,136260
52.7900,46,136260
52.7954,47,139288
52.8003,47,139288
52.8052,47,139288
52.8099,47,139288
52.8149,47,137774
52.8214,47,139288
52.8265,47,139288
52.8312,47,139288
52.8361,47,139288
52.8408,47,139288
52.8459,47,139288
52.8506,47,139288
52.8556,47,139288
52.8608,46,136260
52.8672,47,139288
52.8720,47,139288
52.8768,47,139288
52.8817,47,139288
52.8866,47,139288
52.8915,47,139288
52.8966,47,139288
52.9018,47,139288
52.9068,46,136260
52.9117,47,139288
52.9168,47,139288
52.9216,48,140802
52.9265,48,140802
52.9313,47,139288
52.9362,48,142316
52.9422,48,142316
52.9471,48,142316
52.9520,48,142316
52.9568,48,142316
52.9619,48,142316
52.9668,48,142316
52.9718,48,142316
52.9768,48,142316
52.9817,48,142316
52.9867,48,142316
52.9916,48,142316
52.9964,48,142316
53.0013,48,142316
53.0061,48,142316
53.0112,48,142316
53.0161,47,139288
53.0211,50,146858
53.0262,50,146858
53.0312,50,146858
53.0362,50,146858
53.0430,49,145344
53.0482,49,145344
53.0531,49,145344
53.0581,49,145344
53.0632,49,145344
53.0681,49,145344
53.0731,49,145344
53.0781,49,145344
53.0830,49,145344
53.0878,49,145344
53.0928,49,145344
53.0977,49,145344
53.1027,49,145344
53.1076,49,145344
53.1126,49,145344
53.1185,50,148372
53.1233,49,145344
53.1280,50,146858
53.1329,50,146858
53.1376,50,146858
53.1425,50,146858
53.1483,50,148372
53.1533,50,148372
53.1582,50,148372
53.1632,50,148372
53.1680,50,148372
53.1746,50,148372
53.1802,50,148372
53.1850,50,148372
53.1897,50,148372
53.1947,50,148372
53.1996,50,148372
53.2045,50,148372
53.2094,50,148372
53.2143,50,148372
53.2192,51,151400
53.2242,51,151400
53.2289,51,151400
53.2338,50,148372
53.2398,52,152914
53.2447,52,152914
53.2496,52,152914
53.2544,52,152914
53.2593,51,151400
53.2642,51,151400
53.2690,51,151400
53.2739,51,151400
53.2787,51,151400
53.2838,51,151400
53.2887,51,151400
53.2952,51,151400
53.3001,51,151400
53.3051,51,151400
53.3101,52,154428
53.3152,52,154428
53.3203,52,154428
53.3252,52,154428
53.3309,51,151400
53.3361,51,151400
53.3410,52,152914
53.3460,52,152914
53.3512,52,152914
53.3563,52,152914
53.3612,52,152914
53.3663,52,154428
53.3713,52,154428
53.3762,52,154428
53.3814,52,154428
53.3865,52,154428
53.3915,52,154428
53.3980,52,154428
53.4032,53,157456
53.4085,53,157456
53.4135,53,157456
53.4186,53,157456
53.4238,53,157456
53.4285,53,157456
53.4333,53,157456
53.4401,52,154428
53.4449,54,158970
53.4502,53,155942
53.4552,53,155942
53.4604,53,155942
53.4653,53,155942
53.4702,53,155942
53.4752,53,157456
53.4805,53,157456
53.4855,54,160484
53.4903,54,160484
53.4952,54,160484
53.5003,54,160484
53.5047,54,160484
53.5093,54,160484
53.5138,54,160484
53.5187,54,160484
53.5234,53,157456
53.5309,54,160484
53.5355,54,160484
53.5402,55,161998
53.5448,55,161998
53.5501,55,161998
53.5551,55,161998
53.5596,54,158970
53.5641,54,158970
53.5687,55,161998
53.5733,55,161998
53.5781,55,161998
53.5827,56,165026
53.5872,55,163512
53.5917,55,163512
53.5963,55,163512
53.6010,55,163512
53.6055,55,163512
53.6102,55,163512
53.6145,54,160484
53.6190,55,163512
53.6238,55,163512
53.6284,55,163512
53.6330,55,163512
53.6375,55,163512
53.6421,55,163512
53.6467,56,165026
53.6511,56,165026
53.6556,56,165026
53.6601,56,165026
53.6649,56,165026
53.6699,55,161998
53.6749,56,165026
53.6799,56,165026
53.6861,57,168054
53.6908,57,168054
53.6962,56,166540
53.7007,56,166540
53.7062,56,166540
53.7109,56,166540
53.7154,56,166540
53.7201,56,166540
53.7249,56,166540
53.7299,57,169568
53.7349,57,169568
53.7399,57,169568
53.7449,57,169568
53.7512,57,168054
53.7564,57,168054
53.7610,57,168054
53.7657,57,168054
53.7703,58,171082
53.7749,58,171082
53.7799,58,171082
53.7849,58,171082
53.7899,58,171082
53.7949,58,171082
53.7999,58,171082
53.8049,58,172596
53.8099,58,172596
53.8149,58,172596
53.8199,58,172596
53.8249,58,172596
53.8299,58,172596
53.8349,58,172596
53.8399,58,172596
53.8449,58,172596
53.8507,59,174110
53.8555,59,174110
53.8603,59,174110
53.8653,59,174110
53.8702,59,174110
53.8762,59,174110
53.8820,59,174110
53.8871,58,171082
53.8922,59,174110
53.8970,59,174110
53.9018,59,174110
53.9069,59,174110
53.9119,59,175624
53.9167,59,175624
53.9225,59,175624
53.9273,59,175624
53.9323,59,175624
53.9373,59,175624
53.9425,59,175624
53.9474,59,175624
53.9524,0,0
53.9574,0,0
53.9623,0,0
53.9672,0,0
53.9720,0,0
53.9769,0,0
53.9825,0,0
53.9874,0,0
53.9922,61,180166
53.9983,61,180166
54.0032,61,180166
54.0080,61,180166
54.0129,61,180166
54.0177,61,180166
54.0226,61,181680
54.0277,61,181680
54.0337,61,181680
54.0387,61,181680
54.0434,61,181680
54.0484,61,181680
54.0533,61,181680
54.0582,61,180166
54.0631,62,183194
54.0682,62,183194
54.0731,62,183194
54.0783,62,183194
54.0832,62,183194
54.0880,62,183194
54.0928,62,183194
54.0976,62,183194
54.1037,61,180166
54.1087,62,183194
54.1135,62,183194
54.1184,62,183194
54.1233,62,183194
54.1282,62,184708
54.1330,62,184708
54.1377,62,184708
54.1427,62,184708
54.1477,62,184708
54.1526,62,184708
54.1576,63,186222
54.1628,63,186222
54.1677,63,186222
54.1728,63,186222
54.1778,63,186222
54.1827,63,186222
54.1885,62,183194
54.1933,62,183194
54.1996,64,189250
54.2044,64,189250
54.2091,64,189250
54.2140,64,187736
54.2198,63,184708
54.2246,63,184708
54.2293,63,184708
54.2341,63,184708
54.2391,63,186222
54.2437,63,186222
54.2485,63,186222
54.2533,63,186222
54.2581,63,186222
54.2629,64,189250
54.2678,64,189250
54.2732,63,186222
54.2782,63,186222
54.2839,64,189250
54.2887,64,189250
54.2936,64,189250
54.2985,64,189250
54.3036,64,189250
54.3086,64,189250
54.3137,64,189250
54.3200,64,189250
54.3251,64,189250
54.3300,64,189250
54.3349,64,189250
54.3398,64,189250
54.3445,64,189250
54.3496,63,187736
54.3545,63,187736
54.3592,64,189250
54.3640,64,189250
54.3687,64,189250
54.3734,64,189250
54.3782,64,189250
54.3832,64,189250
54.3879,64,189250
54.3925,64,189250
54.3976,64,189250
54.4035,64,189250
54.4086,64,189250
54.4136,64,189250
54.4188,64,189250
54.4242,64,189250
54.4291,64,189250
54.4342,64,189250
54.4391,64,189250
54.4439,64,189250
54.4487,64,189250
54.4551,63,187736
54.4599,64,189250
54.4647,64,189250
54.4695,64,189250
54.4743,64,189250
54.4791,64,189250
54.4839,64,189250
54.4889,64,189250
54.4940,64,189250
54.4991,64,189250
54.5041,64,189250
54.5088,64,189250
54.5133,64,189250
54.5181,63,187736
54.5227,64,190764
54.5272,64,190764
54.5318,64,190764
54.5367,64,190764
54.5408,63,187736
54.5452,63,187736
54.5499,64,190764
54.5549,64,190764
54.5599,64,190764
54.5649,64,189250
54.5699,64,189250
54.5749,64,189250
54.5799,64,189250
54.5849,64,189250
54.5899,64,189250
54.5949,64,189250
54.5999,64,189250
54.6049,64,189250
54.6099,64,189250
54.6149,64,187736
54.6199,63,184708
54.6249,63,183194
54.6299,63,181680
54.6349,63,181680
54.6399,63,180166
54.6449,63,180166
54.6499,63,178652
54.6549,0,0
54.6599,0,0
54.6649,0,0
54.6699,0,0
54.6749,63,175624
54.6799,63,174110
54.6849,63,174110
54.6900,62,169568
54.6949,62,169568
54.7000,62,168054
54.7049,62,166540
54.7099,63,166540
54.7149,63,165026
54.7199,63,165026
54.7249,63,163512
54.7307,64,165026
54.7350,63,161998
54.7399,63,160484
54.7449,64,161998
54.7499,64,160484
54.7549,63,157456
54.7599,63,155942
54.7649,63,157456
54.7699,62,152914
54.7749,62,152914
54.7799,62,151400
54.7849,62,149886
54.7899,62,149886
54.7949,62,148372
54.7999,62,148372
54.8049,62,146858
54.8099,62,145344
54.8149,62,145344
54.8199,63,146858
54.8249,63,145344
54.8299,63,143830
54.8349,63,143830
54.8399,63,142316
54.8449,63,142316
54.8499,62,139288
54.8549,62,139288
54.8599,62,137774
54.8649,62,136260
54.8699,61,134746
54.8749,61,133232
54.8799,61,133232
54.8849,61,131718
54.8910,62,133232
54.8953,62,131718
54.8999,62,131718
54.9049,62,130204
54.9099,62,128690
54.9156,62,127176
54.9202,63,128690
54.9249,60,122634
54.9301,60,124148
54.9349,60,124148
54.9399,59,124148
54.9449,59,124148
54.9499,58,122634
54.9549,58,122634
54.9599,57,121120
54.9649,57,122634
54.9699,57,122634
54.9749,58,128690
54.9799,57,128690
54.9849,56,127176
54.9899,56,128690
54.9949,55,127176
54.9999,55,127176
55.0049,54,125662
55.0099,54,125662
55.0149,54,125662
55.0199,54,125662
55.0249,54,125662
55.0299,54,125662
55.0349,54,125662
55.0399,54,125662
55.0449,54,125662
55.0499,55,127176
55.0549,54,125662
55.0599,55,127176
55.0649,55,125662
55.0699,56,128690
55.0749,56,127176
55.0799,57,128690
55.0849,55,124148
55.0899,55,125662
55.0949,56,125662
55.0999,57,128690
55.1056,58,130204
55.1101,56,125662
55.1149,58,130204
55.1199,57,128690
55.1249,57,128690
55.1299,58,128690
55.1349,58,128690
55.1399,59,130204
55.1449,59,128690
55.1499,60,130204
55.1549,59,127176
55.1599,59,127176
55.1654,59,127176
55.1714,61,130204
55.1759,61,128690
55.1804,61,128690
55.1850,61,127176
55.1899,62,128690
55.1949,62,127176
55.1999,62,127176
55.2049,63,127176
55.2099,64,128690
55.2149,63,127176
55.2199,62,125662
55.2256,62,127176
55.2306,61,125662
55.2350,63,128690
55.2399,63,128690
55.2449,62,128690
55.2499,62,128690
55.2549,61,127176
55.2599,61,127176
55.2649,60,127176
55.2702,59,125662
55.2749,59,124148
55.2799,58,124148
55.2849,58,122634
55.2899,58,121120
55.2949,58,121120
55.2999,58,121120
55.3049,57,118092
55.3099,56,115064
55.3149,58,118092
55.3199,57,116578
55.3250,57,115064
55.3301,56,113550
55.3350,56,113550
55.3399,56,112036
55.3449,55,109008
55.3499,55,109008
55.3549,55,107494
55.3599,56,109008
55.3657,55,104466
55.3701,56,107494
55.3749,55,107494
55.3799,55,105980
55.3849,54,102952
55.3899,53,102952
55.3949,52,99924
55.3999,51,98410
55.4049,52,101438
55.4099,50,98410
55.4158,49,96896
55.4207,49,96896
55.4256,49,96896
55.4305,49,96896
55.4353,48,93868
55.4400,48,95382
55.4449,46,90840
55.4499,46,90840
55.4549,46,89326
55.4599,46,89326
55.4649,46,89326
55.4699,45,87812
55.4749,43,83270
55.4799,44,86298
55.4849,43,86298
55.4899,41,83270
55.4949,40,81756
55.4999,39,81756
55.5049,38,81756
55.5099,37,80242
55.5149,36,80242
55.5199,35,78728
55.5249,34,78728
55.5299,32,75700
55.5350,31,75700
55.5399,30,74186
55.5449,30,74186
55.5499,29,72672
55.5549,28,71158
55.5599,28,71158
55.5649,28,71158
55.5699,27,71158
55.5749,27,71158
55.5799,27,71158
55.5849,27,71158
55.5899,0,0
55.5949,0,0
55.5999,26,71158
55.6049,26,71158
55.6099,26,72672
55.6149,26,72672
55.6199,26,74186
55.6250,27,77214
55.6299,26,75700
55.6349,25,72672
55.6399,25,74186
55.6449,25,74186
55.6499,25,74186
55.6549,25,74186
55.6599,25,74186
55.6649,25,74186
55.6699,25,74186
55.6749,26,77214
55.6799,26,77214
55.6849,25,74186
55.6899,26,77214
55.6949,26,77214
55.6999,26,77214
55.7049,25,74186
55.7100,25,74186
55.7149,25,74186
55.7199,25,74186
55.7258,26,77214
55.7299,25,74186
55.7349,25,74186
55.7399,25,74186
55.7449,25,74186
55.7499,26,75700
55.7549,26,75700
55.7599,26,75700
55.7649,26,77214
55.7699,26,77214
55.7749,26,77214
55.7799,26,77214
55.7849,25,74186
55.7900,26,77214
55.7949,25,74186
55.7999,26,77214
55.8049,26,77214
55.8100,26,77214
55.8149,26,77214
55.8199,26,77214
55.8249,26,77214
55.8299,26,77214
55.8349,26,77214
55.8399,26,77214
55.8449,26,77214
55.8499,25,74186
55.8549,27,78728
55.8599,27,78728
55.8649,27,78728
55.8699,27,78728
55.8749,27,80242
55.8799,27,80242
55.8849,27,80242
55.8899,27,80242
55.8961,27,80242
55.9006,27,80242
55.9051,27,80242
55.9099,27,80242
55.9149,27,80242
55.9199,27,80242
55.9249,27,80242
55.9301,27,80242
55.9349,27,80242
55.9399,27,80242
55.9449,27,80242
55.9499,27,80242
55.9549,27,80242
55.9599,28,81756
55.9649,28,81756
55.9699,28,81756
55.9749,28,81756
55.9799,28,81756
55.9849,27,80242
55.9899,27,80242
55.9949,27,80242
55.9999,27,80242
56.0049,27,80242
56.0111,27,80242
56.0155,27,80242
56.0199,28,83270
56.0249,28,83270
56.0299,28,83270
56.0349,28,83270
56.0399,28,83270
56.0449,28,83270
56.0499,28,83270
56.0549,28,83270
56.0599,28,83270
56.0649,28,83270
56.0699,29,84784
56.0750,29,84784
56.0799,29,84784
56.0849,29,84784
56.0899,28,83270
56.0949,28,83270
56.0999,28,83270
56.1049,28,83270
56.1102,28,83270
56.1150,28,83270
56.1199,28,83270
56.1249,28,83270
56.1299,28,83270
56.1349,28,83270
56.1399,28,83270
56.1449,28,83270
56.1499,28,83270
56.1549,28,83270
56.1599,28,83270
56.1649,28,83270
56.1699,28,83270
56.1749,29,84784
56.1799,28,81756
56.1849,28,81756
56.1899,29,84784
56.1949,29,84784
56.1999,29,86298
56.2049,29,86298
56.2099,29,86298
56.2149,29,86298
56.2199,29,86298
56.2249,29,86298
56.2299,29,86298
56.2349,29,86298
56.2399,29,86298
56.2449,29,86298
56.2499,29,86298
56.2549,28,83270
56.2599,28,83270
56.2649,29,86298
56.2699,29,86298
56.2749,29,86298
56.2801,29,84784
56.2849,28,81756
56.2899,29,84784
56.2949,29,84784
56.2999,29,84784
56.3049,29,84784
56.3099,29,86298
56.3149,29,86298
56.3199,29,86298
56.3249,28,83270
56.3299,28,83270
56.3349,28,83270
56.3399,28,83270
56.3449,29,86298
56.3499,29,86298
56.3549,29,86298
56.3600,29,86298
56.3659,29,86298
56.3706,29,86298
56.3751,29,86298
56.3799,29,86298
56.3849,30,87812
56.3912,30,87812
56.3960,30,87812
56.4020,30,87812
56.4071,30,87812
56.4121,31,90840
56.4168,30,89326
56.4231,30,89326
56.4285,30,89326
56.4333,30,89326
56.4382,30,89326
56.4430,30,89326
56.4477,30,89326
56.4523,30,89326
56.4571,30,89326
56.4617,30,89326
56.4666,30,89326
56.4713,30,89326
56.4760,30,89326
56.4807,30,89326
56.4853,30,89326
56.4901,30,89326
56.4949,30,87812
56.4999,30,87812
56.5049,31,90840
56.5099,31,90840
56.5149,31,90840
56.5199,31,90840
56.5249,31,90840
56.5299,30,89326
56.5349,30,89326
56.5399,30,89326
56.5449,30,89326
56.5498,30,89326
56.5549,30,89326
56.5599,30,89326
56.5649,30,89326
56.5702,30,89326
56.5749,30,89326
56.5799,30,89326
56.5849,30,89326
56.5899,30,89326
56.5949,30,89326
56.5999,31,90840
56.6049,31,90840
56.6099,31,90840
56.6149,31,90840
56.6199,31,90840
56.6249,31,90840
56.6299,31,90840
56.6349,31,92354
56.6412,31,92354
56.6459,31,92354
56.6507,31,92354
56.6552,31,92354
56.6602,31,92354
56.6648,31,92354
56.6699,31,92354
56.6749,31,92354
56.6815,31,92354
56.6865,31,92354
56.6914,31,92354
56.6961,31,92354
56.7009,31,92354
56.7057,31,90840
56.7111,31,90840
56.7160,31,90840
56.7208,30,87812
56.7256,31,90840
56.7303,31,90840
56.7352,31,90840
56.7401,31,90840
56.7450,31,92354
56.7499,31,92354
56.7549,31,92354
56.7599,31,92354
56.7649,31,92354
56.7699,31,92354
56.7749,31,92354
56.7799,31,92354
56.7849,30,89326
56.7902,30,89326
56.7951,30,89326
56.8000,30,89326
56.8049,30,89326
56.8099,32,93868
56.8148,32,93868
56.8199,32,93868
56.8248,32,93868
56.8299,32,92354
56.8349,32,92354
56.8399,32,92354
56.8449,32,92354
56.8509,32,92354
56.8558,31,90840
56.8606,31,90840
56.8654,31,90840
56.8702,31,90840
56.8751,31,90840
56.8801,32,93868
56.8848,31,90840
56.8899,32,93868
56.8949,32,93868
56.8999,32,93868
56.9049,32,93868
56.9099,32,93868
56.9157,32,93868
56.9206,32,93868
56.9255,32,93868
56.9303,32,93868
56.9351,32,93868
56.9400,31,90840
56.9449,32,93868
56.9498,32,93868
56.9553,33,96896
56.9603,33,96896
56.9653,32,95382
56.9706,32,95382
56.9756,32,95382
56.9805,32,96896
56.9854,32,96896
56.9903,32,96896
56.9951,33,96938
57.0001,33,96938
57.0050,33,96938
57.0099,33,96938
57.0149,33,96938
57.0205,32,93910
57.0254,32,93910
57.0303,32,92396
57.0352,32,92396
57.0401,32,92396
57.0449,32,92396
57.0500,33,95424
57.0549,33,95424
57.0600,33,95424
57.0648,32,92396
57.0699,33,95424
57.0749,33,95424
57.0799,33,95424
57.0849,33,95424
57.0899,33,95424
57.0949,33,95424
57.0999,33,95424
57.1048,34,98452
57.1106,34,98452
57.1155,34,98452
57.1207,34,98452
57.1255,34,98452
57.1304,34,98452
57.1352,34,96938
57.1400,34,96938
57.1449,34,96938
57.1499,33,96896
57.1549,33,96896
57.1599,33,96896
57.1649,33,96896
57.1699,33,96896
57.1749,33,96896
57.1799,33,96896
57.1849,32,95382
57.1899,32,95382
57.1949,32,95382
57.1999,32,95382
57.2049,32,95382
57.2104,32,95382
57.2149,32,95382
57.2199,32,95382
57.2249,32,95382
57.2299,32,95382
57.2349,32,95382
57.2400,32,95382
57.2449,33,96896
57.2499,33,96896
57.2549,33,96896
57.2599,33,96896
57.2649,32,93868
57.2699,33,96896
57.2749,32,93868
57.2799,32,93868
57.2849,32,93868
57.2899,32,95382
57.2949,33,98410
57.2999,33,98410
57.3049,33,98410
57.3099,33,98410
57.3149,33,98410
57.3199,33,98410
57.3249,32,95382
57.3304,32,95382
57.3353,32,95382
57.3401,32,95382
57.3449,32,95382
57.3499,32,95382
57.3549,32,93868
57.3599,33,96896
57.3649,33,96896
57.3699,33,96896
57.3749,32,93868
57.3800,33,96896
57.3849,33,96896
57.3899,33,96896
57.3949,33,96896
57.3999,33,98410
57.4048,33,98410
57.4099,33,98410
57.4151,33,98410
57.4200,32,95382
57.4249,32,95382
57.4299,32,95382
57.4348,32,95382
57.4399,33,98410
57.4449,33,98410
57.4499,33,98410
57.4549,33,98410
57.4599,33,96896
57.4649,33,96896
57.4699,33,96896
57.4764,33,96896
57.4811,33,96896
57.4859,34,99924
57.4908,34,99924
57.4956,34,99924
57.5003,33,96896
57.5052,33,96896
57.5099,33,98410
57.5148,32,95382
57.5199,33,98410
57.5249,33,98410
57.5299,33,98410
57.5349,33,98410
57.5399,33,98410
57.5449,33,98410
57.5499,33,98410
57.5557,33,98410
57.5605,33,98410
57.5648,34,99924
57.5699,34,99924
57.5749,34,99924
57.5799,34,99924
57.5849,34,99924
57.5899,34,99924
57.5949,34,99924
57.6001,34,99924
57.6049,34,99924
57.6099,34,99924
57.6149,34,99924
57.6213,33,98410
57.6261,33,98410
57.6310,33,98410
57.6356,33,98410
57.6403,33,98410
57.6449,33,98410
57.6499,33,98410
57.6549,33,98410
57.6599,33,98410
57.6650,33,98410
57.6699,33,98410
57.6754,34,99924
57.6803,34,99924
57.6851,33,96896
57.6914,34,99924
57.6992,34,99924
57.7041,34,99924
57.7091,34,99924
57.7140,34,99924
57.7190,34,99924
57.7236,34,99924
57.7284,33,98410
57.7331,33,98410
57.7381,33,98410
57.7430,33,98410
57.7477,33,98410
57.7525,33,98410
57.7571,33,98410
57.7619,33,98410
57.7678,33,98410
57.7726,33,98410
57.7774,34,101438
57.7822,34,99924
57.7872,34,99924
57.7921,34,99924
57.7972,34,99924
57.8021,34,99924
57.8073,34,99924
57.8122,34,99924
57.8172,34,99924
57.8220,34,99924
57.8269,34,99924
57.8318,34,99924
57.8366,34,101438
57.8412,34,101438
57.8457,34,101438
57.8505,34,101438
57.8549,34,101438
57.8599,34,101438
57.8649,34,101438
57.8699,34,101438
57.8749,34,101438
57.8799,34,101438
57.8849,34,101438
57.8899,33,98410
57.8949,33,96896
57.8999,33,96896
57.9048,34,99924
57.9101,34,99924
57.9161,34,99924
57.9205,33,96896
57.9255,34,99924
57.9300,34,99924
57.9349,34,99924
57.9399,34,99924
57.9450,34,101438
57.9500,34,101438
57.9549,34,101438
57.9600,34,101438
57.9650,33,98410
57.9699,33,98410
57.9748,33,98410
57.9799,33,98410
57.9849,34,101438
57.9899,34,101438
57.9953,34,101438
58.0003,34,99924
58.0050,34,99924
58.0113,34,99924
58.0162,34,99924
58.0211,34,99924
58.0256,34,99924
58.0306,33,96896
58.0356,35,102952
58.0406,35,102952
58.0450,34,99924
58.0499,34,99924
58.0557,34,101438
58.0603,34,101438
58.0649,34,101438
58.0699,34,101438
58.0749,34,101438
58.0799,34,101438
58.0849,34,101438
58.0898,34,101438
58.0949,34,101438
58.1000,34,101438
58.1057,34,101438
58.1109,34,99924
58.1160,34,99924
58.1208,34,99924
58.1256,34,99924
58.1305,34,99924
58.1351,34,99924
58.1399,35,102952
58.1449,35,102952
58.1500,35,102952
58.1549,35,102952
58.1599,35,102952
58.1649,34,101438
58.1711,34,101438
58.1759,34,101438
58.1808,34,101438
58.1855,34,101438
58.1903,34,101438
58.1949,34,101438
58.2016,34,101438
58.2067,34,101438
58.2118,34,101438
58.2167,34,101438
58.2210,34,99924
58.2254,34,99924
58.2299,34,99924
58.2349,34,99924
58.2399,34,99924
58.2449,34,99924
58.2499,35,102952
58.2549,35,102952
58.2599,35,102952
58.2649,35,102952
58.2699,35,102952
58.2749,34,101438
58.2799,34,101438
58.2849,34,101438
58.2899,34,101438
58.2949,34,101438
58.2999,34,101438
58.3049,34,101438
58.3109,34,101438
58.3160,34,101438
58.3204,34,101438
58.3249,34,101438
58.3299,34,99924
58.3349,34,99924
58.3399,34,99924
58.3449,34,99924
58.3499,34,99924
58.3549,34,99924
58.3599,34,99924
58.3649,34,99924
58.3699,34,99924
58.3749,34,99924
58.3799,34,101438
58.3849,34,101438
58.3899,34,101438
58.3949,34,101438
58.3999,34,101438
58.4049,34,101438
58.4099,34,101438
58.4149,34,101438
58.4199,34,101438
58.4249,34,101438
58.4299,34,101438
58.4349,34,101438
58.4399,34,99924
58.4449,33,96896
58.4499,33,96896
58.4549,34,99924
58.4599,34,99924
58.4649,33,96896
58.4699,34,99924
58.4749,34,99924
58.4799,34,99924
58.4849,34,99924
58.4899,34,101438
58.4949,34,101438
58.4999,34,101438
58.5049,34,101438
58.5100,33,98410
58.5154,33,98410
58.5199,34,101438
58.5250,33,98410
58.5299,33,98410
58.5349,34,101438
58.5410,34,101438
58.5451,34,99924
58.5499,34,99924
58.5549,34,99924
58.5599,34,99924
58.5654,34,99924
58.5699,34,99924
58.5749,33,96896
58.5799,34,99924
58.5849,34,99924
58.5899,34,99924
58.5949,34,99924
58.5999,33,98410
58.6049,33,98410
58.6099,33,98410
58.6149,34,101438
58.6200,34,101438
58.6249,34,101438
58.6299,34,101438
58.6355,34,101438
58.6410,34,101438
58.6459,34,101438
58.6505,34,101438
58.6549,34,99924
58.6599,34,99924
58.6649,34,99924
58.6699,34,99924
58.6749,34,99924
58.6799,34,99924
58.6849,35,102952
58.6899,35,102952
58.6949,35,102952
58.6999,35,102952
58.7049,35,102952
58.7099,34,101438
58.7152,34,101438
58.7200,34,101438
58.7249,34,101438
58.7299,34,101438
58.7349,34,101438
58.7399,34,101438
58.7449,34,101438
58.7499,34,101438
58.7549,34,101438
58.7599,34,101438
58.7649,34,99924
58.7699,34,99924
58.7749,34,99924
58.7799,34,99924
58.7849,34,99924
58.7899,34,99924
58.7949,35,102952
58.7999,35,102952
58.8050,35,102952
58.8099,35,102952
58.8149,35,102952
58.8198,34,101438
58.8249,34,101438
58.8311,34,101438
58.8362,34,101438
58.8411,34,101438
58.8467,34,101438
58.8517,33,98410
58.8567,34,101438
58.8617,34,101438
58.8667,34,101438
58.8717,34,99924
58.8766,34,99924
58.8824,34,99924
58.8873,34,99924
58.8922,34,99924
58.8970,34,99924
58.9019,33,96896
58.9071,34,99924
58.9120,34,99924
58.9170,34,99924
58.9222,34,99924
58.9275,34,101438
58.9326,34,101438
58.9376,34,101438
58.9426,34,101438
58.9478,34,101438
58.9530,34,101438
58.9581,34,101438
58.9626,34,101438
58.9672,34,101438
58.9714,34,101438
58.9757,33,98410
58.9799,34,101438
58.9849,34,99924
58.9900,34,99924
58.9949,34,99924
58.9999,33,96896
59.0049,33,96896
59.0100,33,96896
59.0149,34,99924
59.0201,34,99924
59.0249,34,99924
59.0299,34,99924
59.0349,34,101438
59.0399,34,101438
59.0449,34,101438
59.0499,34,101438
59.0549,34,101438
59.0599,34,101438
59.0649,34,101438
59.0699,33,98410
59.0749,33,98410
59.0799,34,101438
59.0849,34,101438
59.0899,34,99924
59.0949,34,99924
59.0999,34,99924
59.1049,34,99924
59.1099,34,99924
59.1149,34,99924
59.1199,33,96896
59.1249,34,99924
59.1299,34,99924
59.1349,34,99924
59.1399,34,99924
59.1449,33,98410
59.1499,34,101438
59.1552,34,101438
59.1599,33,98410
59.1649,34,101438
59.1699,34,101438
59.1749,34,101438
59.1801,34,101438
59.1849,34,101438
59.1900,34,101438
59.1949,34,101438
59.1999,34,99924
59.2049,34,99924
59.2099,34,99924
59.2149,34,99924
59.2199,34,99924
59.2249,34,99924
59.2299,33,96896
59.2349,35,102952
59.2410,35,102952
59.2449,35,102952
59.2499,35,102952
59.2549,34,101438
59.2599,34,101438
59.2649,34,101438
59.2700,34,101438
59.2749,34,101438
59.2799,34,101438
59.2849,34,101438
59.2899,34,101438
59.2949,34,101438
59.2999,34,101438
59.3049,34,101438
59.3099,34,99924
59.3149,34,99924
59.3199,34,99924
59.3249,34,99924
59.3299,34,99924
59.3349,34,99924
59.3399,35,102952
59.3449,35,102952
59.3499,35,102952
59.3548,35,102952
59.3600,35,102952
59.3649,34,101438
59.3700,34,101438
59.3749,34,101438
59.3799,34,101438
59.3849,34,101438
59.3899,34,101438
59.3949,34,101438
59.3999,34,101438
59.4052,34,101438
59.4099,34,101438
59.4149,34,101438
59.4199,34,99924
59.4249,34,99924
59.4299,34,99924
59.4349,34,99924
59.4399,34,99924
59.4449,34,99924
59.4499,35,102952
59.4553,34,99924
59.4599,34,99924
59.4649,34,99924
59.4699,34,101438
59.4749,34,101438
59.4799,34,101438
59.4849,34,101438
59.4899,34,101438
59.4949,34,101438
59.4999,34,101438
59.5049,34,101438
59.5099,34,101438
59.5149,34,101438
59.5199,34,101438
59.5249,34,101438
59.5299,34,99924
59.5349,34,99924
59.5399,34,99924
59.5449,34,99924
59.5500,34,99924
59.5549,34,99924
59.5599,34,99924
59.5649,34,99924
59.5699,34,99924
59.5749,34,99924
59.5799,34,101438
59.5849,34,101438
59.5900,34,101438
59.5949,34,101438
59.5999,34,101438
59.6049,34,101438
59.6100,34,101438
59.6149,33,98410
59.6199,33,98410
59.6249,33,98410
59.6299,34,101438
59.6349,34,99924
59.6400,34,99924
59.6449,34,99924
59.6499,34,99924
59.6549,34,99924
59.6599,34,99924
59.6649,33,96896
59.6699,34,99924
59.6749,34,99924
59.6799,34,99924
59.6849,34,99924
59.6900,33,98410
59.6949,33,98410
59.6999,34,101438
59.7049,34,101438
59.7099,34,101438
59.7149,34,101438
59.7199,34,101438
59.7249,34,101438
59.7299,34,101438
59.7349,34,101438
59.7399,34,101438
59.7449,34,99924
59.7499,34,99924
59.7549,34,99924
59.7599,34,99924
59.7671,34,99924
59.7714,34,99924
59.7755,35,102952
59.7810,35,102952
59.7853,35,102952
59.7899,35,102952
59.7949,35,102952
59.7999,34,101438
59.8049,34,101438
59.8100,34,101438
59.8149,34,101438
59.8199,34,101438
59.8249,34,101438
59.8299,34,101438
59.8349,34,101438
59.8401,34,101438
59.8449,34,101438
59.8499,34,101438
59.8549,34,99924
59.8599,34,99924
59.8649,34,99924
59.8699,34,99924
59.8749,34,99924
59.8799,34,99924
59.8849,35,102952
59.8899,35,102952
59.8949,35,102952
59.8999,35,102952
59.9049,35,102952
59.9099,34,101438
59.9155,34,101438
59.9199,34,101438
59.9249,34,101438
59.9299,34,101438
59.9349,34,101438
59.9399,34,101438
59.9449,34,101438
59.9499,34,101438
59.9560,34,101438
59.9605,33,98410
59.9659,34,99924
59.9702,34,99924
59.9749,34,99924
59.9799,34,99924
59.9849,34,99924
59.9901,34,99924
59.9949,35,102952
59.9999,35,102952
